,country,date,total_vaccinations,people_vaccinated,people_fully_vaccinated,daily_vaccinations,vaccines,cumulative_total_cases,daily_new_cases,active_cases,cumulative_total_deaths,daily_new_deaths
496,Belgium,2021-01-18,134885.0,134776.0,109.0,14593.0,"Moderna, Oxford/AstraZeneca, Pfizer/BioNTech",678839.0,1630.0,611445.0,20435.0,39.0
497,Belgium,2021-01-19,154096.0,153806.0,290.0,15119.0,"Moderna, Oxford/AstraZeneca, Pfizer/BioNTech",679771.0,932.0,611973.0,20472.0,37.0
498,Belgium,2021-01-20,175158.0,174445.0,713.0,15115.0,"Moderna, Oxford/AstraZeneca, Pfizer/BioNTech",681250.0,1479.0,613181.0,20554.0,82.0
499,Belgium,2021-01-21,204964.0,204251.0,713.0,16085.0,"Moderna, Oxford/AstraZeneca, Pfizer/BioNTech",684256.0,3006.0,616169.0,20572.0,18.0
500,Belgium,2021-01-22,234223.0,233479.0,744.0,16963.0,"Moderna, Oxford/AstraZeneca, Pfizer/BioNTech",686827.0,2571.0,618532.0,20620.0,48.0
501,Belgium,2021-01-23,242418.0,241667.0,751.0,17400.0,"Moderna, Oxford/AstraZeneca, Pfizer/BioNTech",689271.0,2444.0,620776.0,20675.0,55.0
502,Belgium,2021-01-24,244294.0,243543.0,751.0,17199.0,"Moderna, Oxford/AstraZeneca, Pfizer/BioNTech",691854.0,2583.0,623165.0,20726.0,51.0
503,Belgium,2021-01-25,255532.0,254781.0,751.0,17235.0,"Moderna, Oxford/AstraZeneca, Pfizer/BioNTech",693666.0,1812.0,624761.0,20779.0,53.0
504,Belgium,2021-01-26,267935.0,265698.0,2237.0,16263.0,"Moderna, Oxford/AstraZeneca, Pfizer/BioNTech",694858.0,1192.0,625857.0,20814.0,35.0
505,Belgium,2021-01-27,284050.0,278626.0,5424.0,15556.0,"Moderna, Oxford/AstraZeneca, Pfizer/BioNTech",696642.0,1784.0,627539.0,20879.0,65.0
506,Belgium,2021-01-28,306344.0,293833.0,12511.0,14483.0,"Moderna, Oxford/AstraZeneca, Pfizer/BioNTech",699662.0,3020.0,630338.0,20933.0,54.0
507,Belgium,2021-01-29,326346.0,305500.0,20846.0,13160.0,"Moderna, Oxford/AstraZeneca, Pfizer/BioNTech",702437.0,2775.0,632899.0,20982.0,49.0
508,Belgium,2021-01-30,330802.0,307084.0,23718.0,12626.0,"Moderna, Oxford/AstraZeneca, Pfizer/BioNTech",705120.0,2683.0,635394.0,21018.0,36.0
509,Belgium,2021-01-31,331701.0,307655.0,24046.0,12487.0,"Moderna, Oxford/AstraZeneca, Pfizer/BioNTech",707837.0,2717.0,637931.0,21066.0,48.0
510,Belgium,2021-02-01,339345.0,311570.0,27775.0,11973.0,"Moderna, Oxford/AstraZeneca, Pfizer/BioNTech",710153.0,2316.0,640052.0,21092.0,26.0
511,Belgium,2021-02-02,362493.0,321406.0,41087.0,13508.0,"Moderna, Oxford/AstraZeneca, Pfizer/BioNTech",711417.0,1264.0,641232.0,21124.0,32.0
512,Belgium,2021-02-03,391262.0,330819.0,60443.0,15316.0,"Moderna, Oxford/AstraZeneca, Pfizer/BioNTech",713271.0,1854.0,642986.0,21173.0,49.0
513,Belgium,2021-02-04,423400.0,339802.0,83598.0,16722.0,"Moderna, Oxford/AstraZeneca, Pfizer/BioNTech",716395.0,3124.0,645877.0,21216.0,43.0
514,Belgium,2021-02-05,452773.0,347304.0,105469.0,18061.0,"Moderna, Oxford/AstraZeneca, Pfizer/BioNTech",718847.0,2452.0,648146.0,21260.0,44.0
515,Belgium,2021-02-06,459124.0,348536.0,110588.0,18332.0,"Moderna, Oxford/AstraZeneca, Pfizer/BioNTech",721432.0,2585.0,650550.0,21295.0,35.0
516,Belgium,2021-02-07,462242.0,348837.0,113405.0,18649.0,"Moderna, Oxford/AstraZeneca, Pfizer/BioNTech",723870.0,2438.0,652781.0,21352.0,57.0
517,Belgium,2021-02-08,472128.0,351118.0,121010.0,18969.0,"Moderna, Oxford/AstraZeneca, Pfizer/BioNTech",725610.0,1740.0,654310.0,21389.0,37.0
518,Belgium,2021-02-09,498780.0,358752.0,140028.0,19470.0,"Moderna, Oxford/AstraZeneca, Pfizer/BioNTech",726483.0,873.0,655077.0,21423.0,34.0
519,Belgium,2021-02-10,523393.0,365199.0,158194.0,18876.0,"Moderna, Oxford/AstraZeneca, Pfizer/BioNTech",728334.0,1851.0,656835.0,21472.0,49.0
520,Belgium,2021-02-11,558432.0,372812.0,185620.0,19290.0,"Moderna, Oxford/AstraZeneca, Pfizer/BioNTech",730951.0,2617.0,659238.0,21512.0,40.0
521,Belgium,2021-02-12,591717.0,378983.0,212734.0,19849.0,"Moderna, Oxford/AstraZeneca, Pfizer/BioNTech",733100.0,2149.0,661187.0,21551.0,39.0
522,Belgium,2021-02-13,600135.0,379566.0,220569.0,20144.0,"Moderna, Oxford/AstraZeneca, Pfizer/BioNTech",735220.0,2120.0,663101.0,21599.0,48.0
523,Belgium,2021-02-14,602051.0,379639.0,222412.0,19973.0,"Moderna, Oxford/AstraZeneca, Pfizer/BioNTech",737115.0,1895.0,664810.0,21634.0,35.0
524,Belgium,2021-02-15,615401.0,381634.0,233767.0,20468.0,"Moderna, Oxford/AstraZeneca, Pfizer/BioNTech",738631.0,1516.0,666122.0,21662.0,28.0
525,Belgium,2021-02-16,629807.0,385990.0,243817.0,18718.0,"Moderna, Oxford/AstraZeneca, Pfizer/BioNTech",739488.0,857.0,666889.0,21702.0,40.0
526,Belgium,2021-02-17,649028.0,393035.0,255993.0,17948.0,"Moderna, Oxford/AstraZeneca, Pfizer/BioNTech",741205.0,1717.0,668525.0,21750.0,48.0
527,Belgium,2021-02-18,675253.0,403868.0,271385.0,16689.0,"Moderna, Oxford/AstraZeneca, Pfizer/BioNTech",743882.0,2677.0,670982.0,21793.0,43.0
528,Belgium,2021-02-19,704703.0,420937.0,283766.0,16141.0,"Moderna, Oxford/AstraZeneca, Pfizer/BioNTech",746302.0,2420.0,673249.0,21821.0,28.0
529,Belgium,2021-02-20,710199.0,424863.0,285336.0,15723.0,"Moderna, Oxford/AstraZeneca, Pfizer/BioNTech",749739.0,3437.0,676485.0,21859.0,38.0
530,Belgium,2021-02-21,712251.0,426655.0,285596.0,15743.0,"Moderna, Oxford/AstraZeneca, Pfizer/BioNTech",752379.0,2640.0,678976.0,21887.0,28.0
531,Belgium,2021-02-22,724267.0,435950.0,288317.0,15552.0,"Moderna, Oxford/AstraZeneca, Pfizer/BioNTech",754473.0,2094.0,680892.0,21903.0,16.0
532,Belgium,2021-02-23,742879.0,447291.0,295588.0,16153.0,"Moderna, Oxford/AstraZeneca, Pfizer/BioNTech",755594.0,1121.0,681941.0,21923.0,20.0
533,Belgium,2021-02-24,763843.0,460804.0,303039.0,16402.0,"Moderna, Oxford/AstraZeneca, Pfizer/BioNTech",757696.0,2102.0,683973.0,21956.0,33.0
534,Belgium,2021-02-25,793841.0,483126.0,310715.0,16941.0,"Moderna, Oxford/AstraZeneca, Pfizer/BioNTech",760809.0,3113.0,686875.0,21988.0,32.0
535,Belgium,2021-02-26,823771.0,507241.0,316530.0,17010.0,"Moderna, Oxford/AstraZeneca, Pfizer/BioNTech",763885.0,3076.0,689788.0,22006.0,18.0
536,Belgium,2021-02-27,827916.0,510643.0,317273.0,16817.0,"Moderna, Oxford/AstraZeneca, Pfizer/BioNTech",766654.0,2769.0,692387.0,22034.0,28.0
537,Belgium,2021-02-28,828735.0,511242.0,317493.0,16641.0,"Moderna, Oxford/AstraZeneca, Pfizer/BioNTech",769414.0,2760.0,695003.0,22052.0,18.0
538,Belgium,2021-03-01,840840.0,520976.0,319864.0,16653.0,"Moderna, Oxford/AstraZeneca, Pfizer/BioNTech",771511.0,2097.0,696910.0,22077.0,25.0
539,Belgium,2021-03-02,860908.0,535840.0,325068.0,16861.0,"Moderna, Oxford/AstraZeneca, Pfizer/BioNTech",772294.0,783.0,697603.0,22106.0,29.0
540,Belgium,2021-03-03,878910.0,550852.0,328058.0,16438.0,"Moderna, Oxford/AstraZeneca, Pfizer/BioNTech",774344.0,2050.0,699566.0,22141.0,35.0
541,Belgium,2021-03-04,900958.0,569985.0,330973.0,15302.0,"Moderna, Oxford/AstraZeneca, Pfizer/BioNTech",777608.0,3264.0,702576.0,22169.0,28.0
908,Chile,2021-01-13,11732.0,10703.0,1029.0,147.0,"Pfizer/BioNTech, Sinovac",652525.0,3390.0,23757.0,17204.0,22.0
909,Chile,2021-01-14,18646.0,12821.0,5825.0,1135.0,"Pfizer/BioNTech, Sinovac",656712.0,4187.0,25151.0,17294.0,90.0
910,Chile,2021-01-15,22075.0,13778.0,8297.0,1625.0,"Pfizer/BioNTech, Sinovac",661180.0,4468.0,26439.0,17369.0,75.0
911,Chile,2021-01-16,22165.0,13801.0,8364.0,1638.0,"Pfizer/BioNTech, Sinovac",665493.0,4313.0,25737.0,17435.0,66.0
912,Chile,2021-01-17,22165.0,13801.0,8364.0,1638.0,"Pfizer/BioNTech, Sinovac",669832.0,4339.0,25827.0,17477.0,42.0
913,Chile,2021-01-18,33210.0,24846.0,8364.0,3215.0,"Pfizer/BioNTech, Sinovac",673750.0,3918.0,25385.0,17547.0,70.0
914,Chile,2021-01-19,52526.0,44160.0,8366.0,5975.0,"Pfizer/BioNTech, Sinovac",677151.0,3401.0,24618.0,17573.0,26.0
915,Chile,2021-01-20,61835.0,53469.0,8366.0,7158.0,"Pfizer/BioNTech, Sinovac",680740.0,3589.0,24055.0,17594.0,21.0
916,Chile,2021-01-21,64896.0,56530.0,8366.0,6607.0,"Pfizer/BioNTech, Sinovac",685107.0,4367.0,25401.0,17702.0,108.0
917,Chile,2021-01-22,65307.0,56941.0,8366.0,6176.0,"Pfizer/BioNTech, Sinovac",690066.0,4959.0,27245.0,17786.0,84.0
918,Chile,2021-01-23,65307.0,56941.0,8366.0,6163.0,"Pfizer/BioNTech, Sinovac",694647.0,4581.0,26991.0,17854.0,68.0
919,Chile,2021-01-24,65307.0,56941.0,8366.0,6163.0,"Pfizer/BioNTech, Sinovac",699110.0,4463.0,27076.0,17933.0,79.0
920,Chile,2021-01-25,66724.0,56958.0,9766.0,4788.0,"Pfizer/BioNTech, Sinovac",703178.0,4068.0,26855.0,17999.0,66.0
921,Chile,2021-01-26,67340.0,56979.0,10361.0,2116.0,"Pfizer/BioNTech, Sinovac",706500.0,3322.0,26017.0,18023.0,24.0
922,Chile,2021-01-27,67375.0,56980.0,10395.0,791.0,"Pfizer/BioNTech, Sinovac",709888.0,3388.0,25049.0,18040.0,17.0
923,Chile,2021-01-28,67375.0,56980.0,10395.0,354.0,"Pfizer/BioNTech, Sinovac",714143.0,4255.0,25633.0,18174.0,134.0
924,Chile,2021-01-29,67380.0,56980.0,10400.0,296.0,"Pfizer/BioNTech, Sinovac",718749.0,4606.0,26910.0,18257.0,83.0
925,Chile,2021-01-30,67380.0,56980.0,10400.0,296.0,"Pfizer/BioNTech, Sinovac",722900.0,4151.0,26959.0,18339.0,82.0
926,Chile,2021-01-31,67380.0,56980.0,10400.0,296.0,"Pfizer/BioNTech, Sinovac",727109.0,4209.0,26676.0,18452.0,113.0
927,Chile,2021-02-01,67380.0,56980.0,10400.0,94.0,"Pfizer/BioNTech, Sinovac",730888.0,3779.0,25977.0,18537.0,85.0
928,Chile,2021-02-02,80568.0,70162.0,10406.0,1890.0,"Pfizer/BioNTech, Sinovac",734035.0,3147.0,24823.0,18559.0,22.0
929,Chile,2021-02-03,250945.0,240539.0,10406.0,26224.0,"Pfizer/BioNTech, Sinovac",736645.0,2610.0,23109.0,18576.0,17.0
930,Chile,2021-02-04,427000.0,414487.0,12513.0,51375.0,"Pfizer/BioNTech, Sinovac",740237.0,3592.0,23258.0,18731.0,155.0
931,Chile,2021-02-05,596233.0,583050.0,13183.0,75550.0,"Pfizer/BioNTech, Sinovac",744019.0,3782.0,23896.0,18808.0,77.0
932,Chile,2021-02-06,624067.0,610879.0,13188.0,79527.0,"Pfizer/BioNTech, Sinovac",748082.0,4063.0,23167.0,18895.0,87.0
933,Chile,2021-02-07,632649.0,619461.0,13188.0,80753.0,"Pfizer/BioNTech, Sinovac",751886.0,3804.0,22883.0,18974.0,79.0
934,Chile,2021-02-08,865435.0,840493.0,24942.0,114008.0,"Pfizer/BioNTech, Sinovac",755350.0,3464.0,22583.0,19056.0,82.0
935,Chile,2021-02-09,1126331.0,1082060.0,44271.0,149395.0,"Pfizer/BioNTech, Sinovac",758189.0,2839.0,21797.0,19084.0,28.0
936,Chile,2021-02-10,1406228.0,1353634.0,52594.0,165040.0,"Pfizer/BioNTech, Sinovac",760576.0,2387.0,20619.0,19105.0,21.0
937,Chile,2021-02-11,1660024.0,1604564.0,55460.0,176146.0,"Pfizer/BioNTech, Sinovac",764307.0,3731.0,21552.0,19262.0,157.0
938,Chile,2021-02-12,1889149.0,1833482.0,55667.0,184702.0,"Pfizer/BioNTech, Sinovac",768471.0,4164.0,23181.0,19345.0,83.0
939,Chile,2021-02-13,1918664.0,1862963.0,55701.0,184942.0,"Pfizer/BioNTech, Sinovac",772395.0,3924.0,22748.0,19443.0,98.0
940,Chile,2021-02-14,1923125.0,1867424.0,55701.0,184354.0,"Pfizer/BioNTech, Sinovac",776209.0,3814.0,22937.0,19541.0,98.0
941,Chile,2021-02-15,2188128.0,2132427.0,55701.0,188956.0,"Pfizer/BioNTech, Sinovac",779541.0,3332.0,22791.0,19624.0,83.0
942,Chile,2021-02-16,2407826.0,2352115.0,55711.0,183071.0,"Pfizer/BioNTech, Sinovac",782039.0,2498.0,21930.0,19644.0,20.0
943,Chile,2021-02-17,2595464.0,2539753.0,55711.0,169891.0,"Pfizer/BioNTech, Sinovac",784314.0,2275.0,21349.0,19659.0,15.0
944,Chile,2021-02-18,2750347.0,2694636.0,55711.0,155760.0,"Pfizer/BioNTech, Sinovac",788142.0,3828.0,22030.0,19798.0,139.0
945,Chile,2021-02-19,2892245.0,2836534.0,55711.0,143299.0,"Pfizer/BioNTech, Sinovac",791939.0,3797.0,23122.0,19897.0,99.0
946,Chile,2021-02-20,2901860.0,2846149.0,55711.0,140457.0,"Pfizer/BioNTech, Sinovac",795845.0,3906.0,22834.0,19974.0,77.0
947,Chile,2021-02-21,2903024.0,2847313.0,55711.0,139986.0,"Pfizer/BioNTech, Sinovac",799460.0,3615.0,22654.0,20042.0,68.0
948,Chile,2021-02-22,3011069.0,2955337.0,55732.0,117563.0,"Pfizer/BioNTech, Sinovac",803009.0,3549.0,22306.0,20126.0,84.0
949,Chile,2021-02-23,3105131.0,3049359.0,55772.0,99615.0,"Pfizer/BioNTech, Sinovac",805317.0,2308.0,21262.0,20151.0,25.0
950,Chile,2021-02-24,3191189.0,3135245.0,55944.0,85104.0,"Pfizer/BioNTech, Sinovac",807872.0,2555.0,20367.0,20173.0,22.0
951,Chile,2021-02-25,3276933.0,3220845.0,56088.0,75227.0,"Pfizer/BioNTech, Sinovac",812344.0,4472.0,21844.0,20310.0,137.0
952,Chile,2021-02-26,3355039.0,3298834.0,56205.0,66113.0,"Pfizer/BioNTech, Sinovac",816929.0,4585.0,23578.0,20400.0,90.0
953,Chile,2021-02-27,3365041.0,3308832.0,56209.0,66169.0,"Pfizer/BioNTech, Sinovac",821418.0,4489.0,23987.0,20476.0,76.0
954,Chile,2021-02-28,3365392.0,3309183.0,56209.0,66053.0,"Pfizer/BioNTech, Sinovac",825625.0,4207.0,24523.0,20572.0,96.0
955,Chile,2021-03-01,3502628.0,3446023.0,56605.0,70223.0,"Pfizer/BioNTech, Sinovac",829770.0,4145.0,24897.0,20660.0,88.0
956,Chile,2021-03-02,3673426.0,3604512.0,68914.0,81185.0,"Pfizer/BioNTech, Sinovac",832512.0,2742.0,24128.0,20684.0,24.0
957,Chile,2021-03-03,3983397.0,3761404.0,221993.0,113173.0,"Pfizer/BioNTech, Sinovac",835552.0,3040.0,24320.0,20704.0,20.0
958,Chile,2021-03-04,4290422.0,3904659.0,385763.0,144784.0,"Pfizer/BioNTech, Sinovac",840119.0,4567.0,25462.0,20838.0,134.0
959,Chile,2021-03-05,4567412.0,4031812.0,535600.0,173196.0,"Pfizer/BioNTech, Sinovac",845450.0,5331.0,27731.0,20928.0,90.0
1229,Denmark,2021-01-15,163168.0,163163.0,5.0,7093.0,"Moderna, Pfizer/BioNTech",187320.0,659.0,20434.0,1720.0,17.0
1230,Denmark,2021-01-16,167781.0,167769.0,12.0,7481.0,"Moderna, Pfizer/BioNTech",188199.0,879.0,20085.0,1747.0,27.0
1231,Denmark,2021-01-17,171025.0,170301.0,724.0,7828.0,"Moderna, Pfizer/BioNTech",189088.0,889.0,18934.0,1775.0,28.0
1232,Denmark,2021-01-18,177041.0,174187.0,2854.0,8594.0,"Moderna, Pfizer/BioNTech",189895.0,807.0,18078.0,1805.0,30.0
1233,Denmark,2021-01-19,181614.0,176671.0,4943.0,9181.0,"Moderna, Pfizer/BioNTech",190619.0,724.0,16326.0,1837.0,32.0
1234,Denmark,2021-01-20,185006.0,178179.0,6827.0,7849.0,"Moderna, Pfizer/BioNTech",191505.0,886.0,15259.0,1872.0,35.0
1235,Denmark,2021-01-21,188880.0,179700.0,9180.0,5846.0,"Moderna, Pfizer/BioNTech",192265.0,760.0,14353.0,1909.0,37.0
1236,Denmark,2021-01-22,195196.0,180367.0,14829.0,4575.0,"Moderna, Pfizer/BioNTech",193038.0,773.0,13547.0,1941.0,32.0
1237,Denmark,2021-01-23,203168.0,181153.0,22015.0,5055.0,"Moderna, Pfizer/BioNTech",193917.0,879.0,12981.0,1969.0,28.0
1238,Denmark,2021-01-24,210325.0,181770.0,28555.0,5614.0,"Moderna, Pfizer/BioNTech",194671.0,754.0,12563.0,1983.0,14.0
1239,Denmark,2021-01-25,213031.0,182028.0,31003.0,5141.0,"Moderna, Pfizer/BioNTech",195296.0,625.0,12205.0,2010.0,27.0
1240,Denmark,2021-01-26,214991.0,182243.0,32748.0,4768.0,"Moderna, Pfizer/BioNTech",195948.0,652.0,11498.0,2030.0,20.0
1241,Denmark,2021-01-27,219561.0,182454.0,37107.0,4936.0,"Moderna, Pfizer/BioNTech",196540.0,592.0,10843.0,2050.0,20.0
1242,Denmark,2021-01-28,227918.0,182694.0,45224.0,5577.0,"Moderna, Pfizer/BioNTech",197208.0,668.0,10284.0,2071.0,21.0
1243,Denmark,2021-01-29,247387.0,183829.0,63558.0,7456.0,"Moderna, Pfizer/BioNTech",197664.0,456.0,9811.0,2084.0,13.0
1244,Denmark,2021-01-30,261599.0,185057.0,76542.0,8347.0,"Moderna, Pfizer/BioNTech",198095.0,431.0,9377.0,2106.0,22.0
1245,Denmark,2021-01-31,275160.0,186312.0,88848.0,9262.0,"Moderna, Pfizer/BioNTech",198472.0,377.0,9029.0,2125.0,19.0
1246,Denmark,2021-02-01,283790.0,187066.0,96724.0,10108.0,"Moderna, Pfizer/BioNTech",198960.0,488.0,8848.0,2145.0,20.0
1247,Denmark,2021-02-02,288858.0,189111.0,99747.0,10552.0,"Moderna, Pfizer/BioNTech",199357.0,397.0,8324.0,2160.0,15.0
1248,Denmark,2021-02-03,296594.0,190665.0,105929.0,11005.0,"Moderna, Pfizer/BioNTech",199782.0,425.0,7842.0,2170.0,10.0
1249,Denmark,2021-02-04,308954.0,192101.0,116853.0,11577.0,"Moderna, Pfizer/BioNTech",200335.0,553.0,7602.0,2184.0,14.0
1250,Denmark,2021-02-05,324021.0,193685.0,130336.0,10948.0,"Moderna, Pfizer/BioNTech",200773.0,438.0,7173.0,2201.0,17.0
1251,Denmark,2021-02-06,331765.0,194718.0,137047.0,10024.0,"Moderna, Pfizer/BioNTech",201186.0,413.0,6867.0,2215.0,14.0
1252,Denmark,2021-02-07,337321.0,196633.0,140688.0,8880.0,"Moderna, Pfizer/BioNTech",201621.0,435.0,6710.0,2216.0,1.0
1253,Denmark,2021-02-08,346918.0,199177.0,147741.0,9018.0,"Moderna, Pfizer/BioNTech",202051.0,430.0,6633.0,2216.0,0.0
1254,Denmark,2021-02-09,355390.0,202738.0,152652.0,9505.0,"Moderna, Pfizer/BioNTech",202417.0,366.0,6256.0,2244.0,28.0
1255,Denmark,2021-02-10,362592.0,206020.0,156572.0,9428.0,"Moderna, Pfizer/BioNTech",202887.0,470.0,6031.0,2255.0,11.0
1256,Denmark,2021-02-11,370700.0,211676.0,159024.0,8821.0,"Moderna, Pfizer/BioNTech",203365.0,478.0,5972.0,2269.0,14.0
1257,Denmark,2021-02-12,390334.0,223701.0,166633.0,9473.0,"Moderna, Pfizer/BioNTech",203793.0,428.0,5888.0,2280.0,11.0
1258,Denmark,2021-02-13,397856.0,230243.0,167613.0,9442.0,"Moderna, Pfizer/BioNTech",204067.0,274.0,5756.0,2284.0,4.0
1259,Denmark,2021-02-14,404706.0,236461.0,168245.0,9626.0,"Moderna, Pfizer/BioNTech",204362.0,295.0,5686.0,2292.0,8.0
1260,Denmark,2021-02-15,421661.0,250280.0,171381.0,10678.0,"Moderna, Pfizer/BioNTech",204799.0,437.0,5733.0,2301.0,9.0
1261,Denmark,2021-02-16,436178.0,263470.0,172708.0,11541.0,"Moderna, Pfizer/BioNTech",205183.0,384.0,5617.0,2308.0,7.0
1262,Denmark,2021-02-17,447085.0,273948.0,173137.0,12070.0,"Moderna, Pfizer/BioNTech",205597.0,414.0,5535.0,2316.0,8.0
1263,Denmark,2021-02-18,458872.0,285434.0,173438.0,12596.0,"Moderna, Pfizer/BioNTech",206065.0,468.0,5567.0,2319.0,3.0
1264,Denmark,2021-02-19,473752.0,299347.0,174405.0,11917.0,"Moderna, Pfizer/BioNTech",206617.0,552.0,5671.0,2327.0,8.0
1265,Denmark,2021-02-20,484837.0,309855.0,174982.0,12426.0,"Moderna, Pfizer/BioNTech",207081.0,464.0,5722.0,2333.0,6.0
1266,Denmark,2021-02-21,495985.0,320652.0,175333.0,13040.0,"Moderna, Pfizer/BioNTech",207577.0,496.0,5790.0,2338.0,5.0
1267,Denmark,2021-02-22,510574.0,334158.0,176416.0,12702.0,"Moderna, Pfizer/BioNTech",208027.0,450.0,5866.0,2343.0,5.0
1268,Denmark,2021-02-23,526926.0,348559.0,178367.0,12964.0,"Moderna, Pfizer/BioNTech",208556.0,529.0,5950.0,2343.0,0.0
1269,Denmark,2021-02-24,542589.0,362252.0,180337.0,13643.0,"Moderna, Pfizer/BioNTech",209079.0,523.0,6019.0,2345.0,2.0
1270,Denmark,2021-02-25,557616.0,376647.0,180969.0,14106.0,"Moderna, Pfizer/BioNTech",209682.0,603.0,6177.0,2351.0,6.0
1271,Denmark,2021-02-26,594547.0,412586.0,181961.0,17256.0,"Moderna, Pfizer/BioNTech",210212.0,530.0,6328.0,2353.0,2.0
1272,Denmark,2021-02-27,602633.0,419221.0,183412.0,16828.0,"Moderna, Pfizer/BioNTech",210732.0,520.0,6526.0,2358.0,5.0
1273,Denmark,2021-02-28,614999.0,430191.0,184808.0,17002.0,"Moderna, Pfizer/BioNTech",211195.0,463.0,6653.0,2361.0,3.0
1274,Denmark,2021-03-01,635806.0,449932.0,185874.0,17890.0,"Moderna, Pfizer/BioNTech",211692.0,497.0,6810.0,2365.0,4.0
1275,Denmark,2021-03-02,653786.0,466618.0,187168.0,18123.0,"Moderna, Pfizer/BioNTech",212224.0,532.0,6943.0,2367.0,2.0
1276,Denmark,2021-03-03,667786.0,479599.0,188187.0,17885.0,"Moderna, Pfizer/BioNTech",212798.0,574.0,6995.0,2370.0,3.0
1277,Denmark,2021-03-04,685637.0,495666.0,189971.0,18289.0,"Moderna, Pfizer/BioNTech",213318.0,520.0,7010.0,2374.0,4.0
1593,Germany,2021-01-14,998978.0,998864.0,114.0,71090.0,"Moderna, Oxford/AstraZeneca, Pfizer/BioNTech",2004011.0,22957.0,338319.0,45492.0,1088.0
1594,Germany,2021-01-15,1091660.0,1091117.0,543.0,75704.0,"Moderna, Oxford/AstraZeneca, Pfizer/BioNTech",2023801.0,19790.0,335964.0,46537.0,1045.0
1595,Germany,2021-01-16,1148772.0,1147832.0,940.0,75692.0,"Moderna, Oxford/AstraZeneca, Pfizer/BioNTech",2038672.0,14871.0,333651.0,47121.0,584.0
1596,Germany,2021-01-17,1193324.0,1178774.0,14550.0,77301.0,"Moderna, Oxford/AstraZeneca, Pfizer/BioNTech",2050384.0,11712.0,330944.0,47440.0,319.0
1597,Germany,2021-01-18,1267550.0,1236590.0,30960.0,78534.0,"Moderna, Oxford/AstraZeneca, Pfizer/BioNTech",2059314.0,8930.0,319509.0,48105.0,665.0
1598,Germany,2021-01-19,1362674.0,1304483.0,58191.0,80404.0,"Moderna, Oxford/AstraZeneca, Pfizer/BioNTech",2071636.0,12322.0,306192.0,49244.0,1139.0
1599,Germany,2021-01-20,1491429.0,1382584.0,108845.0,84653.0,"Moderna, Oxford/AstraZeneca, Pfizer/BioNTech",2090195.0,18559.0,298199.0,50296.0,1052.0
1600,Germany,2021-01-21,1587408.0,1443129.0,144279.0,84061.0,"Moderna, Oxford/AstraZeneca, Pfizer/BioNTech",2108895.0,18700.0,295544.0,51151.0,855.0
1601,Germany,2021-01-22,1702685.0,1527117.0,175568.0,87289.0,"Moderna, Oxford/AstraZeneca, Pfizer/BioNTech",2125261.0,16366.0,293041.0,52020.0,869.0
1602,Germany,2021-01-23,1795331.0,1575912.0,219419.0,92366.0,"Moderna, Oxford/AstraZeneca, Pfizer/BioNTech",2137689.0,12428.0,289753.0,52536.0,516.0
1603,Germany,2021-01-24,1861548.0,1613979.0,247569.0,95461.0,"Moderna, Oxford/AstraZeneca, Pfizer/BioNTech",2147772.0,10083.0,287495.0,52777.0,241.0
1604,Germany,2021-01-25,1958886.0,1671723.0,287163.0,98762.0,"Moderna, Oxford/AstraZeneca, Pfizer/BioNTech",2154352.0,6580.0,277450.0,53402.0,625.0
1605,Germany,2021-01-26,2061573.0,1724832.0,336741.0,99843.0,"Moderna, Oxford/AstraZeneca, Pfizer/BioNTech",2164068.0,9716.0,265678.0,54390.0,988.0
1606,Germany,2021-01-27,2174691.0,1778854.0,395837.0,97609.0,"Moderna, Oxford/AstraZeneca, Pfizer/BioNTech",2179679.0,15611.0,258321.0,55358.0,968.0
1607,Germany,2021-01-28,2275121.0,1830434.0,444687.0,98245.0,"Moderna, Oxford/AstraZeneca, Pfizer/BioNTech",2194594.0,14915.0,254674.0,56220.0,862.0
1608,Germany,2021-01-29,2384323.0,1886235.0,498088.0,97377.0,"Moderna, Oxford/AstraZeneca, Pfizer/BioNTech",2207393.0,12799.0,251541.0,57052.0,832.0
1609,Germany,2021-01-30,2471686.0,1925777.0,545909.0,96622.0,"Moderna, Oxford/AstraZeneca, Pfizer/BioNTech",2217234.0,9841.0,247922.0,57512.0,460.0
1610,Germany,2021-01-31,2534398.0,1957108.0,577290.0,96121.0,"Moderna, Oxford/AstraZeneca, Pfizer/BioNTech",2225686.0,8452.0,246209.0,57777.0,265.0
1611,Germany,2021-02-01,2649956.0,2006808.0,643148.0,98724.0,"Moderna, Oxford/AstraZeneca, Pfizer/BioNTech",2232316.0,6630.0,238320.0,58396.0,619.0
1612,Germany,2021-02-02,2777512.0,2064638.0,712874.0,102277.0,"Moderna, Oxford/AstraZeneca, Pfizer/BioNTech",2239968.0,7652.0,226582.0,59386.0,990.0
1613,Germany,2021-02-03,2919692.0,2122256.0,797436.0,106429.0,"Moderna, Oxford/AstraZeneca, Pfizer/BioNTech",2252547.0,12579.0,219135.0,60212.0,826.0
1614,Germany,2021-02-04,3055050.0,2185176.0,869874.0,111418.0,"Moderna, Oxford/AstraZeneca, Pfizer/BioNTech",2265494.0,12947.0,213609.0,60885.0,673.0
1615,Germany,2021-02-05,3187234.0,2244324.0,942910.0,114702.0,"Moderna, Oxford/AstraZeneca, Pfizer/BioNTech",2276371.0,10877.0,206510.0,61661.0,776.0
1616,Germany,2021-02-06,3290982.0,2292913.0,998069.0,117042.0,"Moderna, Oxford/AstraZeneca, Pfizer/BioNTech",2284999.0,8628.0,202101.0,61998.0,337.0
1617,Germany,2021-02-07,3350382.0,2325793.0,1024589.0,116569.0,"Moderna, Oxford/AstraZeneca, Pfizer/BioNTech",2291510.0,6511.0,200182.0,62128.0,130.0
1618,Germany,2021-02-08,3456629.0,2380456.0,1076173.0,115239.0,"Moderna, Oxford/AstraZeneca, Pfizer/BioNTech",2296326.0,4816.0,192429.0,62597.0,469.0
1619,Germany,2021-02-09,3581111.0,2439976.0,1141135.0,114800.0,"Moderna, Oxford/AstraZeneca, Pfizer/BioNTech",2302051.0,5725.0,181480.0,63271.0,674.0
1620,Germany,2021-02-10,3730168.0,2514876.0,1215292.0,115782.0,"Moderna, Oxford/AstraZeneca, Pfizer/BioNTech",2311297.0,9246.0,174218.0,63979.0,708.0
1621,Germany,2021-02-11,3873854.0,2586151.0,1287703.0,116972.0,"Moderna, Oxford/AstraZeneca, Pfizer/BioNTech",2321215.0,9918.0,169102.0,64513.0,534.0
1622,Germany,2021-02-12,4031562.0,2665949.0,1365613.0,120618.0,"Moderna, Oxford/AstraZeneca, Pfizer/BioNTech",2330422.0,9207.0,164386.0,65036.0,523.0
1623,Germany,2021-02-13,4141420.0,2729183.0,1412237.0,121491.0,"Moderna, Oxford/AstraZeneca, Pfizer/BioNTech",2336905.0,6483.0,159490.0,65415.0,379.0
1624,Germany,2021-02-14,4208182.0,2768961.0,1439221.0,122543.0,"Moderna, Oxford/AstraZeneca, Pfizer/BioNTech",2341706.0,4801.0,157040.0,65566.0,151.0
1625,Germany,2021-02-15,4334955.0,2839705.0,1495250.0,125475.0,"Moderna, Oxford/AstraZeneca, Pfizer/BioNTech",2346870.0,5164.0,152121.0,65949.0,383.0
1626,Germany,2021-02-16,4471105.0,2921099.0,1550006.0,127142.0,"Moderna, Oxford/AstraZeneca, Pfizer/BioNTech",2352766.0,5896.0,144830.0,66536.0,587.0
1627,Germany,2021-02-17,4619864.0,3015238.0,1604626.0,127099.0,"Moderna, Oxford/AstraZeneca, Pfizer/BioNTech",2362384.0,9618.0,140710.0,67074.0,538.0
1628,Germany,2021-02-18,4764987.0,3108324.0,1656663.0,127305.0,"Moderna, Oxford/AstraZeneca, Pfizer/BioNTech",2372209.0,9825.0,138762.0,67547.0,473.0
1629,Germany,2021-02-19,4915018.0,3204870.0,1710148.0,126208.0,"Moderna, Oxford/AstraZeneca, Pfizer/BioNTech",2381259.0,9050.0,136841.0,68118.0,571.0
1630,Germany,2021-02-20,5027525.0,3279766.0,1747759.0,126586.0,"Moderna, Oxford/AstraZeneca, Pfizer/BioNTech",2388417.0,7158.0,134974.0,68343.0,225.0
1631,Germany,2021-02-21,5113117.0,3336415.0,1776702.0,129276.0,"Moderna, Oxford/AstraZeneca, Pfizer/BioNTech",2394584.0,6167.0,135541.0,68443.0,100.0
1632,Germany,2021-02-22,5264644.0,3435300.0,1829344.0,132813.0,"Moderna, Oxford/AstraZeneca, Pfizer/BioNTech",2399500.0,4916.0,132728.0,68772.0,329.0
1633,Germany,2021-02-23,5423537.0,3538814.0,1884723.0,136062.0,"Moderna, Oxford/AstraZeneca, Pfizer/BioNTech",2405263.0,5763.0,128349.0,69214.0,442.0
1634,Germany,2021-02-24,5597074.0,3654920.0,1942154.0,139601.0,"Moderna, Oxford/AstraZeneca, Pfizer/BioNTech",2416037.0,10774.0,128727.0,69610.0,396.0
1635,Germany,2021-02-25,5775175.0,3781493.0,1993682.0,144313.0,"Moderna, Oxford/AstraZeneca, Pfizer/BioNTech",2426819.0,10782.0,130316.0,70003.0,393.0
1636,Germany,2021-02-26,5967045.0,3915570.0,2051475.0,150290.0,"Moderna, Oxford/AstraZeneca, Pfizer/BioNTech",2436506.0,9687.0,130285.0,70421.0,418.0
1637,Germany,2021-02-27,6112828.0,4022847.0,2089981.0,155043.0,"Moderna, Oxford/AstraZeneca, Pfizer/BioNTech",2444177.0,7671.0,130388.0,70589.0,168.0
1638,Germany,2021-02-28,6226171.0,4108442.0,2117729.0,159008.0,"Moderna, Oxford/AstraZeneca, Pfizer/BioNTech",2450362.0,6185.0,131275.0,70687.0,98.0
1639,Germany,2021-03-01,6414917.0,4247673.0,2167244.0,164325.0,"Moderna, Oxford/AstraZeneca, Pfizer/BioNTech",2455569.0,5207.0,129145.0,70924.0,237.0
1640,Germany,2021-03-02,6624395.0,4402079.0,2222316.0,171551.0,"Moderna, Oxford/AstraZeneca, Pfizer/BioNTech",2462061.0,6492.0,126136.0,71325.0,401.0
1641,Germany,2021-03-03,6856839.0,4569304.0,2287535.0,179966.0,"Moderna, Oxford/AstraZeneca, Pfizer/BioNTech",2472896.0,10835.0,126785.0,71711.0,386.0
1642,Germany,2021-03-04,7082562.0,4736174.0,2346388.0,186770.0,"Moderna, Oxford/AstraZeneca, Pfizer/BioNTech",2484306.0,11410.0,128899.0,72007.0,296.0
2114,Israel,2021-01-04,1446357.0,1446355.0,2.0,131444.0,"Moderna, Pfizer/BioNTech",448173.0,9304.0,53912.0,3445.0,29.0
2115,Israel,2021-01-05,1573123.0,1573121.0,2.0,127069.0,"Moderna, Pfizer/BioNTech",456139.0,7966.0,58933.0,3495.0,50.0
2116,Israel,2021-01-06,1677956.0,1677954.0,2.0,120001.0,"Moderna, Pfizer/BioNTech",463448.0,7309.0,61553.0,3527.0,32.0
2117,Israel,2021-01-07,1795426.0,1795421.0,5.0,113975.0,"Moderna, Pfizer/BioNTech",471048.0,7600.0,64583.0,3552.0,25.0
2118,Israel,2021-01-08,1862573.0,1862565.0,8.0,113260.0,"Moderna, Pfizer/BioNTech",477357.0,6309.0,65008.0,3596.0,44.0
2119,Israel,2021-01-09,1907588.0,1907558.0,30.0,109343.0,"Moderna, Pfizer/BioNTech",485434.0,8077.0,69493.0,3645.0,49.0
2120,Israel,2021-01-10,1951700.0,1945689.0,6011.0,94069.0,"Moderna, Pfizer/BioNTech",491319.0,5885.0,67741.0,3671.0,26.0
2121,Israel,2021-01-11,1992371.0,1967124.0,25247.0,78002.0,"Moderna, Pfizer/BioNTech",501073.0,9754.0,72363.0,3704.0,33.0
2122,Israel,2021-01-12,2052287.0,1991393.0,60894.0,68452.0,"Moderna, Pfizer/BioNTech",510063.0,8990.0,76132.0,3770.0,66.0
2123,Israel,2021-01-13,2161667.0,2043852.0,117815.0,69102.0,"Moderna, Pfizer/BioNTech",520060.0,9997.0,78221.0,3817.0,47.0
2124,Israel,2021-01-14,2287386.0,2100664.0,186722.0,70280.0,"Moderna, Pfizer/BioNTech",529814.0,9754.0,78636.0,3870.0,53.0
2125,Israel,2021-01-15,2354521.0,2131663.0,222858.0,70278.0,"Moderna, Pfizer/BioNTech",535049.0,5235.0,77781.0,3910.0,40.0
2126,Israel,2021-01-16,2410420.0,2161363.0,249057.0,71833.0,"Moderna, Pfizer/BioNTech",543499.0,8450.0,83611.0,3959.0,49.0
2127,Israel,2021-01-17,2563406.0,2229768.0,333638.0,87387.0,"Moderna, Pfizer/BioNTech",548332.0,4833.0,83104.0,4005.0,46.0
2128,Israel,2021-01-18,2752925.0,2299283.0,453642.0,108651.0,"Moderna, Pfizer/BioNTech",558249.0,9917.0,80633.0,4044.0,39.0
2129,Israel,2021-01-19,2962841.0,2371872.0,590969.0,130079.0,"Moderna, Pfizer/BioNTech",565629.0,7380.0,82652.0,4080.0,36.0
2130,Israel,2021-01-20,3182555.0,2448379.0,734176.0,145841.0,"Moderna, Pfizer/BioNTech",575842.0,10213.0,83272.0,4181.0,101.0
2131,Israel,2021-01-21,3415757.0,2517897.0,897860.0,161196.0,"Moderna, Pfizer/BioNTech",582869.0,7027.0,81046.0,4245.0,64.0
2132,Israel,2021-01-22,3524282.0,2555590.0,968692.0,167109.0,"Moderna, Pfizer/BioNTech",589028.0,6159.0,79942.0,4266.0,21.0
2133,Israel,2021-01-23,3617517.0,2595402.0,1022115.0,172442.0,"Moderna, Pfizer/BioNTech",593961.0,4933.0,76688.0,4341.0,75.0
2134,Israel,2021-01-24,3826582.0,2664298.0,1162284.0,180454.0,"Moderna, Pfizer/BioNTech",597403.0,3442.0,69516.0,4419.0,78.0
2135,Israel,2021-01-25,4046260.0,2744977.0,1301283.0,184762.0,"Moderna, Pfizer/BioNTech",606365.0,8962.0,72033.0,4498.0,79.0
2136,Israel,2021-01-26,4250566.0,2823417.0,1427149.0,183961.0,"Moderna, Pfizer/BioNTech",613578.0,7213.0,74392.0,4512.0,14.0
2137,Israel,2021-01-27,4452698.0,2901044.0,1551654.0,181449.0,"Moderna, Pfizer/BioNTech",621590.0,8012.0,74640.0,4605.0,93.0
2138,Israel,2021-01-28,4662161.0,2980390.0,1681771.0,178058.0,"Moderna, Pfizer/BioNTech",628895.0,7305.0,72507.0,4669.0,64.0
2139,Israel,2021-01-29,4763182.0,3016882.0,1746300.0,176986.0,"Moderna, Pfizer/BioNTech",633991.0,5096.0,71042.0,4700.0,31.0
2140,Israel,2021-01-30,4840050.0,3051118.0,1788932.0,174648.0,"Moderna, Pfizer/BioNTech",638789.0,4798.0,72166.0,4738.0,38.0
2141,Israel,2021-01-31,4972407.0,3124217.0,1848190.0,163689.0,"Moderna, Pfizer/BioNTech",643435.0,4646.0,65898.0,4796.0,58.0
2142,Israel,2021-02-01,5089735.0,3206364.0,1883371.0,149068.0,"Moderna, Pfizer/BioNTech",652246.0,8811.0,74222.0,4816.0,20.0
2143,Israel,2021-02-02,5190383.0,3276137.0,1914246.0,134260.0,"Moderna, Pfizer/BioNTech",659978.0,7732.0,72662.0,4887.0,71.0
2144,Israel,2021-02-03,5301510.0,3336129.0,1965381.0,121259.0,"Moderna, Pfizer/BioNTech",668874.0,8896.0,74615.0,4948.0,61.0
2145,Israel,2021-02-04,5431653.0,3408453.0,2023200.0,109927.0,"Moderna, Pfizer/BioNTech",675618.0,6744.0,80899.0,5001.0,53.0
2146,Israel,2021-02-05,5494022.0,3442204.0,2051818.0,104406.0,"Moderna, Pfizer/BioNTech",680856.0,5238.0,84784.0,5020.0,19.0
2147,Israel,2021-02-06,5537641.0,3463712.0,2073929.0,99656.0,"Moderna, Pfizer/BioNTech",685583.0,4727.0,71138.0,5071.0,51.0
2148,Israel,2021-02-07,5659936.0,3517842.0,2142094.0,98218.0,"Moderna, Pfizer/BioNTech",689339.0,3756.0,65900.0,5113.0,42.0
2149,Israel,2021-02-08,5783417.0,3576506.0,2206911.0,99097.0,"Moderna, Pfizer/BioNTech",696528.0,7189.0,68044.0,5171.0,58.0
2150,Israel,2021-02-09,5916594.0,3642804.0,2273790.0,103744.0,"Moderna, Pfizer/BioNTech",703719.0,7191.0,70270.0,5216.0,45.0
2151,Israel,2021-02-10,6058632.0,3713067.0,2345565.0,108160.0,"Moderna, Pfizer/BioNTech",709729.0,6010.0,68283.0,5257.0,41.0
2152,Israel,2021-02-11,6210750.0,3793790.0,2416960.0,111300.0,"Moderna, Pfizer/BioNTech",714812.0,5083.0,64597.0,5283.0,26.0
2153,Israel,2021-02-12,6286956.0,3832644.0,2454312.0,113276.0,"Moderna, Pfizer/BioNTech",718746.0,3934.0,61920.0,5304.0,21.0
2154,Israel,2021-02-13,6344604.0,3859994.0,2484610.0,115280.0,"Moderna, Pfizer/BioNTech",721846.0,3100.0,60976.0,5351.0,47.0
2155,Israel,2021-02-14,6487725.0,3934385.0,2553340.0,118256.0,"Moderna, Pfizer/BioNTech",724380.0,2534.0,55033.0,5388.0,37.0
2156,Israel,2021-02-15,6644135.0,4015468.0,2628667.0,122960.0,"Moderna, Pfizer/BioNTech",730293.0,5913.0,54401.0,5414.0,26.0
2157,Israel,2021-02-16,6805135.0,4098604.0,2706531.0,126934.0,"Moderna, Pfizer/BioNTech",734575.0,4282.0,55226.0,5441.0,27.0
2158,Israel,2021-02-17,6941836.0,4160153.0,2781683.0,126172.0,"Moderna, Pfizer/BioNTech",738629.0,4054.0,51907.0,5473.0,32.0
2159,Israel,2021-02-18,7089848.0,4228942.0,2860906.0,125585.0,"Moderna, Pfizer/BioNTech",741934.0,3305.0,48014.0,5509.0,36.0
2160,Israel,2021-02-19,7167233.0,4268416.0,2898817.0,125754.0,"Moderna, Pfizer/BioNTech",744513.0,2579.0,45257.0,5526.0,17.0
2161,Israel,2021-02-20,7227256.0,4299922.0,2927334.0,126093.0,"Moderna, Pfizer/BioNTech",744513.0,0.0,45257.0,5526.0,0.0
2162,Israel,2021-02-21,7384513.0,4378999.0,3005514.0,128113.0,"Moderna, Pfizer/BioNTech",750043.0,5530.0,40448.0,5577.0,51.0
2163,Israel,2021-02-22,7549112.0,4463642.0,3085470.0,129282.0,"Moderna, Pfizer/BioNTech",754998.0,4955.0,39781.0,5596.0,19.0
2164,Israel,2021-02-23,7695960.0,4540597.0,3155363.0,127261.0,"Moderna, Pfizer/BioNTech",759572.0,4574.0,41383.0,5634.0,38.0
2165,Israel,2021-02-24,7819256.0,4601312.0,3217944.0,125346.0,"Moderna, Pfizer/BioNTech",763756.0,4184.0,40174.0,5660.0,26.0
2166,Israel,2021-02-25,7934647.0,4652488.0,3282159.0,120686.0,"Moderna, Pfizer/BioNTech",767726.0,3970.0,39505.0,5687.0,27.0
2167,Israel,2021-02-26,7990426.0,4677333.0,3313093.0,117599.0,"Moderna, Pfizer/BioNTech",770780.0,3054.0,39130.0,5697.0,10.0
2168,Israel,2021-02-27,8028259.0,4694787.0,3333472.0,114429.0,"Moderna, Pfizer/BioNTech",773335.0,2555.0,39801.0,5732.0,35.0
2169,Israel,2021-02-28,8121172.0,4733851.0,3387321.0,105237.0,"Moderna, Pfizer/BioNTech",775807.0,2472.0,36645.0,5752.0,20.0
2170,Israel,2021-03-01,8227652.0,4779310.0,3448342.0,96934.0,"Moderna, Pfizer/BioNTech",779958.0,4151.0,38348.0,5760.0,8.0
2171,Israel,2021-03-02,8332843.0,4820207.0,3512636.0,90983.0,"Moderna, Pfizer/BioNTech",785218.0,5260.0,40976.0,5790.0,30.0
2172,Israel,2021-03-03,8440970.0,4862185.0,3578785.0,88816.0,"Moderna, Pfizer/BioNTech",789485.0,4267.0,42515.0,5803.0,13.0
2173,Israel,2021-03-04,8555982.0,4901162.0,3654820.0,88762.0,"Moderna, Pfizer/BioNTech",793407.0,3922.0,41357.0,5822.0,19.0
2174,Israel,2021-03-05,8564190.0,4903857.0,3660333.0,81966.0,"Moderna, Pfizer/BioNTech",796465.0,3058.0,39970.0,5834.0,12.0
2190,Italy,2021-01-17,1208556.0,1205653.0,2903.0,76736.0,"Moderna, Oxford/AstraZeneca, Pfizer/BioNTech",2381277.0,12545.0,553374.0,82177.0,377.0
2191,Italy,2021-01-18,1251515.0,1243719.0,7796.0,71352.0,"Moderna, Oxford/AstraZeneca, Pfizer/BioNTech",2390101.0,8824.0,547058.0,82554.0,377.0
2192,Italy,2021-01-19,1283725.0,1274233.0,9492.0,64321.0,"Moderna, Oxford/AstraZeneca, Pfizer/BioNTech",2400595.0,10494.0,535521.0,83157.0,603.0
2193,Italy,2021-01-20,1313653.0,1299660.0,13993.0,55268.0,"Moderna, Oxford/AstraZeneca, Pfizer/BioNTech",2414143.0,13548.0,523530.0,83681.0,524.0
2194,Italy,2021-01-21,1348717.0,1315203.0,33514.0,47044.0,"Moderna, Oxford/AstraZeneca, Pfizer/BioNTech",2428221.0,14078.0,516568.0,84202.0,521.0
2195,Italy,2021-01-22,1374680.0,1327268.0,47412.0,38147.0,"Moderna, Oxford/AstraZeneca, Pfizer/BioNTech",2441854.0,13633.0,502053.0,84674.0,472.0
2196,Italy,2021-01-23,1413024.0,1332925.0,80099.0,34419.0,"Moderna, Oxford/AstraZeneca, Pfizer/BioNTech",2455184.0,13330.0,498833.0,85162.0,488.0
2197,Italy,2021-01-24,1446610.0,1335911.0,110699.0,34008.0,"Moderna, Oxford/AstraZeneca, Pfizer/BioNTech",2466811.0,11627.0,499276.0,85461.0,299.0
2198,Italy,2021-01-25,1515148.0,1340405.0,174743.0,37662.0,"Moderna, Oxford/AstraZeneca, Pfizer/BioNTech",2475363.0,8552.0,491621.0,85881.0,420.0
2199,Italy,2021-01-26,1594796.0,1344524.0,250272.0,44439.0,"Moderna, Oxford/AstraZeneca, Pfizer/BioNTech",2485943.0,10580.0,482404.0,86422.0,541.0
2200,Italy,2021-01-27,1664894.0,1350317.0,314577.0,50177.0,"Moderna, Oxford/AstraZeneca, Pfizer/BioNTech",2501135.0,15192.0,477957.0,86889.0,467.0
2201,Italy,2021-01-28,1757923.0,1354789.0,403134.0,58458.0,"Moderna, Oxford/AstraZeneca, Pfizer/BioNTech",2515496.0,14361.0,474606.0,87381.0,492.0
2202,Italy,2021-01-29,1855081.0,1359322.0,495759.0,68629.0,"Moderna, Oxford/AstraZeneca, Pfizer/BioNTech",2529068.0,13572.0,467822.0,87858.0,477.0
2203,Italy,2021-01-30,1944907.0,1363296.0,581611.0,75983.0,"Moderna, Oxford/AstraZeneca, Pfizer/BioNTech",2541780.0,12712.0,463349.0,88279.0,421.0
2204,Italy,2021-01-31,2004124.0,1365756.0,638368.0,79645.0,"Moderna, Oxford/AstraZeneca, Pfizer/BioNTech",2553032.0,11252.0,453968.0,88516.0,237.0
2205,Italy,2021-02-01,2089297.0,1370082.0,719215.0,82021.0,"Moderna, Oxford/AstraZeneca, Pfizer/BioNTech",2560948.0,7916.0,447580.0,88845.0,329.0
2206,Italy,2021-02-02,2176647.0,1376295.0,800352.0,83122.0,"Moderna, Oxford/AstraZeneca, Pfizer/BioNTech",2570601.0,9653.0,437758.0,89344.0,499.0
2207,Italy,2021-02-03,2275256.0,1385413.0,889843.0,87195.0,"Moderna, Oxford/AstraZeneca, Pfizer/BioNTech",2583787.0,13186.0,434719.0,89820.0,476.0
2208,Italy,2021-02-04,2381324.0,1398587.0,982737.0,89057.0,"Moderna, Oxford/AstraZeneca, Pfizer/BioNTech",2597441.0,13654.0,430272.0,90241.0,421.0
2209,Italy,2021-02-05,2486413.0,1416051.0,1070362.0,90190.0,"Moderna, Oxford/AstraZeneca, Pfizer/BioNTech",2611656.0,14215.0,429115.0,90618.0,377.0
2210,Italy,2021-02-06,2561903.0,1430396.0,1131507.0,88142.0,"Moderna, Oxford/AstraZeneca, Pfizer/BioNTech",2625097.0,13441.0,427033.0,91003.0,385.0
2211,Italy,2021-02-07,2602016.0,1439339.0,1162677.0,85413.0,"Moderna, Oxford/AstraZeneca, Pfizer/BioNTech",2636737.0,11640.0,427023.0,91273.0,270.0
2212,Italy,2021-02-08,2667752.0,1466000.0,1201752.0,82636.0,"Moderna, Oxford/AstraZeneca, Pfizer/BioNTech",2644689.0,7952.0,419586.0,91580.0,307.0
2213,Italy,2021-02-09,2733444.0,1500371.0,1233073.0,79542.0,"Moderna, Oxford/AstraZeneca, Pfizer/BioNTech",2655310.0,10621.0,413958.0,92002.0,422.0
2214,Italy,2021-02-10,2804948.0,1544998.0,1259950.0,75670.0,"Moderna, Oxford/AstraZeneca, Pfizer/BioNTech",2668257.0,12947.0,410102.0,92338.0,336.0
2215,Italy,2021-02-11,2878344.0,1599580.0,1278764.0,71003.0,"Moderna, Oxford/AstraZeneca, Pfizer/BioNTech",2683388.0,15131.0,405004.0,92729.0,391.0
2216,Italy,2021-02-12,2950595.0,1657473.0,1293122.0,66312.0,"Moderna, Oxford/AstraZeneca, Pfizer/BioNTech",2697287.0,13899.0,402165.0,93045.0,316.0
2217,Italy,2021-02-13,3002580.0,1703262.0,1299318.0,62954.0,"Moderna, Oxford/AstraZeneca, Pfizer/BioNTech",2710811.0,13524.0,401405.0,93356.0,311.0
2218,Italy,2021-02-14,3031692.0,1730101.0,1301591.0,61382.0,"Moderna, Oxford/AstraZeneca, Pfizer/BioNTech",2721872.0,11061.0,402776.0,93577.0,221.0
2219,Italy,2021-02-15,3093053.0,1785911.0,1307142.0,60757.0,"Moderna, Oxford/AstraZeneca, Pfizer/BioNTech",2729205.0,7333.0,398080.0,93835.0,258.0
2220,Italy,2021-02-16,3163118.0,1850237.0,1312881.0,61382.0,"Moderna, Oxford/AstraZeneca, Pfizer/BioNTech",2739583.0,10378.0,393678.0,94171.0,336.0
2221,Italy,2021-02-17,3241903.0,1920041.0,1321862.0,62422.0,"Moderna, Oxford/AstraZeneca, Pfizer/BioNTech",2751650.0,12067.0,388857.0,94540.0,369.0
2222,Italy,2021-02-18,3330256.0,2000983.0,1329273.0,64559.0,"Moderna, Oxford/AstraZeneca, Pfizer/BioNTech",2765403.0,13753.0,384492.0,94887.0,347.0
2223,Italy,2021-02-19,3420994.0,2085719.0,1335275.0,67200.0,"Moderna, Oxford/AstraZeneca, Pfizer/BioNTech",2780865.0,15462.0,382431.0,95235.0,348.0
2224,Italy,2021-02-20,3495456.0,2156378.0,1339078.0,70411.0,"Moderna, Oxford/AstraZeneca, Pfizer/BioNTech",2795794.0,14929.0,384621.0,95486.0,251.0
2225,Italy,2021-02-21,3545770.0,2204664.0,1341106.0,73440.0,"Moderna, Oxford/AstraZeneca, Pfizer/BioNTech",2809233.0,13439.0,388882.0,95718.0,232.0
2226,Italy,2021-02-22,3649746.0,2303438.0,1346308.0,79528.0,"Moderna, Oxford/AstraZeneca, Pfizer/BioNTech",2818848.0,9615.0,387888.0,95992.0,274.0
2227,Italy,2021-02-23,3754355.0,2402976.0,1351379.0,84462.0,"Moderna, Oxford/AstraZeneca, Pfizer/BioNTech",2832140.0,13292.0,387926.0,96348.0,356.0
2228,Italy,2021-02-24,3873037.0,2513908.0,1359129.0,90162.0,"Moderna, Oxford/AstraZeneca, Pfizer/BioNTech",2848549.0,16409.0,389418.0,96666.0,318.0
2229,Italy,2021-02-25,3997811.0,2626974.0,1370837.0,95365.0,"Moderna, Oxford/AstraZeneca, Pfizer/BioNTech",2868424.0,19875.0,396132.0,96974.0,308.0
2230,Italy,2021-02-26,4129837.0,2744707.0,1385130.0,101263.0,"Moderna, Oxford/AstraZeneca, Pfizer/BioNTech",2888909.0,20485.0,404650.0,97227.0,253.0
2231,Italy,2021-02-27,4253774.0,2857155.0,1396619.0,108331.0,"Moderna, Oxford/AstraZeneca, Pfizer/BioNTech",2907810.0,18901.0,411951.0,97507.0,280.0
2232,Italy,2021-02-28,4330614.0,2925870.0,1404744.0,112121.0,"Moderna, Oxford/AstraZeneca, Pfizer/BioNTech",2925257.0,17447.0,422359.0,97699.0,192.0
2233,Italy,2021-03-01,4461263.0,3032332.0,1428931.0,115931.0,"Moderna, Oxford/AstraZeneca, Pfizer/BioNTech",2938351.0,13094.0,424313.0,97945.0,246.0
2234,Italy,2021-03-02,4615067.0,3156239.0,1458828.0,122959.0,"Moderna, Oxford/AstraZeneca, Pfizer/BioNTech",2955390.0,17039.0,430952.0,98288.0,343.0
2235,Italy,2021-03-03,4789904.0,3290267.0,1499637.0,130981.0,"Moderna, Oxford/AstraZeneca, Pfizer/BioNTech",2976254.0,20864.0,437401.0,98635.0,347.0
2236,Italy,2021-03-04,4973616.0,3428404.0,1545212.0,139401.0,"Moderna, Oxford/AstraZeneca, Pfizer/BioNTech",2999093.0,22839.0,446413.0,98974.0,339.0
2237,Italy,2021-03-05,5158820.0,3564698.0,1594122.0,146998.0,"Moderna, Oxford/AstraZeneca, Pfizer/BioNTech",3023121.0,24028.0,456462.0,99271.0,297.0
2732,Mexico,2021-01-15,417375.0,415417.0,1958.0,49987.0,"Oxford/AstraZeneca, Pfizer/BioNTech, Sputnik V",1588369.0,16468.0,264832.0,137916.0,999.0
2733,Mexico,2021-01-16,463246.0,461025.0,2221.0,55493.0,"Oxford/AstraZeneca, Pfizer/BioNTech, Sputnik V",1609735.0,21366.0,270903.0,139022.0,1106.0
2734,Mexico,2021-01-17,472142.0,468708.0,3434.0,55835.0,"Oxford/AstraZeneca, Pfizer/BioNTech, Sputnik V",1630258.0,20523.0,277614.0,140241.0,1219.0
2735,Mexico,2021-01-18,492529.0,485983.0,6546.0,57924.0,"Oxford/AstraZeneca, Pfizer/BioNTech, Sputnik V",1641428.0,11170.0,277616.0,140704.0,463.0
2736,Mexico,2021-01-19,498122.0,488513.0,9609.0,57892.0,"Oxford/AstraZeneca, Pfizer/BioNTech, Sputnik V",1649502.0,8074.0,270933.0,141248.0,544.0
2737,Mexico,2021-01-20,501030.0,489628.0,11402.0,44066.0,"Oxford/AstraZeneca, Pfizer/BioNTech, Sputnik V",1668396.0,18894.0,273782.0,142832.0,1584.0
2738,Mexico,2021-01-21,552335.0,534317.0,18018.0,31765.0,"Oxford/AstraZeneca, Pfizer/BioNTech, Sputnik V",1688944.0,20548.0,279793.0,144371.0,1539.0
2739,Mexico,2021-01-22,614808.0,594725.0,20083.0,28205.0,"Oxford/AstraZeneca, Pfizer/BioNTech, Sputnik V",1711283.0,22339.0,287131.0,146174.0,1803.0
2740,Mexico,2021-01-23,618768.0,596296.0,22472.0,22217.0,"Oxford/AstraZeneca, Pfizer/BioNTech, Sputnik V",1732290.0,21007.0,292736.0,147614.0,1440.0
2741,Mexico,2021-01-24,629626.0,604441.0,25185.0,22498.0,"Oxford/AstraZeneca, Pfizer/BioNTech, Sputnik V",1752347.0,20057.0,297125.0,149084.0,1470.0
2742,Mexico,2021-01-25,645105.0,616390.0,28715.0,21797.0,"Oxford/AstraZeneca, Pfizer/BioNTech, Sputnik V",1763219.0,10872.0,293157.0,149614.0,530.0
2743,Mexico,2021-01-26,652319.0,621005.0,31314.0,22028.0,"Oxford/AstraZeneca, Pfizer/BioNTech, Sputnik V",1771740.0,8521.0,285591.0,150273.0,659.0
2744,Mexico,2021-01-27,656044.0,624730.0,31314.0,22145.0,"Oxford/AstraZeneca, Pfizer/BioNTech, Sputnik V",1788905.0,17165.0,288229.0,152016.0,1743.0
2745,Mexico,2021-01-28,657842.0,626528.0,31314.0,15072.0,"Oxford/AstraZeneca, Pfizer/BioNTech, Sputnik V",1806849.0,17944.0,290685.0,153639.0,1623.0
2746,Mexico,2021-01-29,662217.0,630820.0,31397.0,6773.0,"Oxford/AstraZeneca, Pfizer/BioNTech, Sputnik V",1825519.0,18670.0,294301.0,155145.0,1506.0
2747,Mexico,2021-01-30,670307.0,631298.0,39009.0,7363.0,"Oxford/AstraZeneca, Pfizer/BioNTech, Sputnik V",1841893.0,16374.0,294408.0,156579.0,1434.0
2748,Mexico,2021-01-31,673327.0,631485.0,41842.0,6243.0,"Oxford/AstraZeneca, Pfizer/BioNTech, Sputnik V",1857230.0,15337.0,296092.0,158074.0,1495.0
2749,Mexico,2021-02-01,675202.0,631747.0,43455.0,4300.0,"Oxford/AstraZeneca, Pfizer/BioNTech, Sputnik V",1864260.0,7030.0,293331.0,158536.0,462.0
2750,Mexico,2021-02-02,677539.0,631791.0,45748.0,3603.0,"Oxford/AstraZeneca, Pfizer/BioNTech, Sputnik V",1869708.0,5448.0,284860.0,159100.0,564.0
2751,Mexico,2021-02-03,686601.0,632439.0,54162.0,4365.0,"Oxford/AstraZeneca, Pfizer/BioNTech, Sputnik V",1874092.0,4384.0,278077.0,159533.0,433.0
2752,Mexico,2021-02-04,695088.0,634346.0,60742.0,5321.0,"Oxford/AstraZeneca, Pfizer/BioNTech, Sputnik V",1886245.0,12153.0,274768.0,161240.0,1707.0
2753,Mexico,2021-02-05,700316.0,636070.0,64246.0,5443.0,"Oxford/AstraZeneca, Pfizer/BioNTech, Sputnik V",1899820.0,13575.0,275887.0,162922.0,1682.0
2754,Mexico,2021-02-06,710198.0,637098.0,73100.0,5699.0,"Oxford/AstraZeneca, Pfizer/BioNTech, Sputnik V",1912871.0,13051.0,276430.0,164290.0,1368.0
2755,Mexico,2021-02-07,713517.0,637681.0,75836.0,5741.0,"Oxford/AstraZeneca, Pfizer/BioNTech, Sputnik V",1926080.0,13209.0,278156.0,165786.0,1496.0
2756,Mexico,2021-02-08,717820.0,638391.0,79429.0,6088.0,"Oxford/AstraZeneca, Pfizer/BioNTech, Sputnik V",1932145.0,6065.0,275868.0,166200.0,414.0
2757,Mexico,2021-02-09,724347.0,640129.0,84218.0,6687.0,"Oxford/AstraZeneca, Pfizer/BioNTech, Sputnik V",1936013.0,3868.0,267702.0,166731.0,531.0
2758,Mexico,2021-02-10,724707.0,640115.0,84592.0,5444.0,"Oxford/AstraZeneca, Pfizer/BioNTech, Sputnik V",1946751.0,10738.0,267120.0,168432.0,1701.0
2759,Mexico,2021-02-11,725447.0,640115.0,85332.0,4337.0,"Oxford/AstraZeneca, Pfizer/BioNTech, Sputnik V",1957889.0,11138.0,268557.0,169760.0,1328.0
2760,Mexico,2021-02-12,726002.0,640115.0,85887.0,3669.0,"Oxford/AstraZeneca, Pfizer/BioNTech, Sputnik V",1968566.0,10677.0,269028.0,171234.0,1474.0
2761,Mexico,2021-02-13,726313.0,640125.0,86188.0,2302.0,"Oxford/AstraZeneca, Pfizer/BioNTech, Sputnik V",1978954.0,10388.0,270611.0,172557.0,1323.0
2763,Mexico,2021-02-15,749682.0,663484.0,86198.0,4552.0,"Oxford/AstraZeneca, Pfizer/BioNTech, Sputnik V",1992794.0,4099.0,270413.0,174207.0,436.0
2764,Mexico,2021-02-16,915383.0,829185.0,86198.0,27291.0,"Oxford/AstraZeneca, Pfizer/BioNTech, Sputnik V",1995892.0,3098.0,265312.0,174657.0,450.0
2765,Mexico,2021-02-17,1058139.0,958473.0,99666.0,47633.0,"Oxford/AstraZeneca, Pfizer/BioNTech, Sputnik V",2004575.0,8683.0,264597.0,175986.0,1329.0
2767,Mexico,2021-02-19,1574158.0,1155227.0,418931.0,121165.0,"Oxford/AstraZeneca, Pfizer/BioNTech, Sputnik V",2022662.0,9099.0,266716.0,178108.0,1047.0
2768,Mexico,2021-02-20,1656304.0,1210886.0,445418.0,132856.0,"Oxford/AstraZeneca, Pfizer/BioNTech, Sputnik V",2030491.0,7829.0,266822.0,178965.0,857.0
2769,Mexico,2021-02-21,1689158.0,1236103.0,453055.0,135880.0,"Oxford/AstraZeneca, Pfizer/BioNTech, Sputnik V",2038276.0,7785.0,267783.0,179797.0,832.0
2770,Mexico,2021-02-22,1733404.0,1277187.0,456217.0,140532.0,"Oxford/AstraZeneca, Pfizer/BioNTech, Sputnik V",2041380.0,3104.0,265953.0,180107.0,310.0
2771,Mexico,2021-02-23,1801156.0,1336854.0,464302.0,126539.0,"Oxford/AstraZeneca, Pfizer/BioNTech, Sputnik V",2043632.0,2252.0,261072.0,180536.0,429.0
2772,Mexico,2021-02-24,1900784.0,1425395.0,475389.0,120378.0,"Oxford/AstraZeneca, Pfizer/BioNTech, Sputnik V",2052266.0,8634.0,262588.0,181809.0,1273.0
2773,Mexico,2021-02-25,2088813.0,1562401.0,526412.0,110108.0,"Oxford/AstraZeneca, Pfizer/BioNTech, Sputnik V",2060908.0,8642.0,263479.0,182815.0,1006.0
2774,Mexico,2021-02-26,2271032.0,1708721.0,562311.0,99553.0,"Oxford/AstraZeneca, Pfizer/BioNTech, Sputnik V",2069370.0,8462.0,265670.0,183692.0,877.0
2775,Mexico,2021-02-27,2383411.0,1818034.0,565377.0,103872.0,"Oxford/AstraZeneca, Pfizer/BioNTech, Sputnik V",2076882.0,7512.0,267080.0,184474.0,782.0
2776,Mexico,2021-02-28,2455095.0,1889672.0,565423.0,109420.0,"Oxford/AstraZeneca, Pfizer/BioNTech, Sputnik V",2084128.0,7246.0,268869.0,185257.0,783.0
2777,Mexico,2021-03-01,2526863.0,1959525.0,567338.0,113351.0,"Oxford/AstraZeneca, Pfizer/BioNTech, Sputnik V",2086938.0,2810.0,267323.0,185715.0,458.0
2778,Mexico,2021-03-02,2583435.0,2012853.0,570582.0,111754.0,"Oxford/AstraZeneca, Pfizer/BioNTech, Sputnik V",2089281.0,2343.0,263186.0,186152.0,437.0
2779,Mexico,2021-03-03,2633580.0,2043941.0,589639.0,104685.0,"Oxford/AstraZeneca, Pfizer/BioNTech, Sputnik V",2097194.0,7913.0,264695.0,187187.0,1035.0
2781,Mexico,2021-03-05,2731900.0,2128766.0,603134.0,65838.0,"Oxford/AstraZeneca, Pfizer/BioNTech, Sputnik V",2112508.0,7521.0,268093.0,188866.0,822.0
3360,Romania,2021-01-17,204185.0,203310.0,875.0,13699.0,"Moderna, Oxford/AstraZeneca, Pfizer/BioNTech",693644.0,2156.0,54009.0,17221.0,57.0
3361,Romania,2021-01-18,235239.0,233289.0,1950.0,15721.0,"Moderna, Oxford/AstraZeneca, Pfizer/BioNTech",695153.0,1509.0,52433.0,17271.0,50.0
3362,Romania,2021-01-19,270046.0,267425.0,2621.0,18514.0,"Moderna, Oxford/AstraZeneca, Pfizer/BioNTech",697898.0,2745.0,50293.0,17369.0,98.0
3363,Romania,2021-01-20,308384.0,302571.0,5813.0,22017.0,"Moderna, Oxford/AstraZeneca, Pfizer/BioNTech",700898.0,3000.0,47542.0,17485.0,116.0
3364,Romania,2021-01-21,348096.0,338253.0,9843.0,27690.0,"Moderna, Oxford/AstraZeneca, Pfizer/BioNTech",703776.0,2878.0,44934.0,17554.0,69.0
3365,Romania,2021-01-22,385936.0,374682.0,11254.0,28895.0,"Moderna, Oxford/AstraZeneca, Pfizer/BioNTech",706475.0,2699.0,42924.0,17628.0,74.0
3366,Romania,2021-01-23,418885.0,406007.0,12878.0,31828.0,"Moderna, Oxford/AstraZeneca, Pfizer/BioNTech",709194.0,2719.0,41283.0,17722.0,94.0
3367,Romania,2021-01-24,446285.0,433130.0,13155.0,34586.0,"Moderna, Oxford/AstraZeneca, Pfizer/BioNTech",711010.0,1816.0,40109.0,17776.0,54.0
3368,Romania,2021-01-25,484631.0,459568.0,25063.0,35627.0,"Moderna, Oxford/AstraZeneca, Pfizer/BioNTech",712561.0,1551.0,39845.0,17841.0,65.0
3369,Romania,2021-01-26,528378.0,487712.0,40666.0,36905.0,"Moderna, Oxford/AstraZeneca, Pfizer/BioNTech",715438.0,2877.0,38905.0,17938.0,97.0
3370,Romania,2021-01-27,570704.0,513430.0,57274.0,37474.0,"Moderna, Oxford/AstraZeneca, Pfizer/BioNTech",718612.0,3174.0,38197.0,18015.0,77.0
3371,Romania,2021-01-28,609396.0,534347.0,75049.0,37329.0,"Moderna, Oxford/AstraZeneca, Pfizer/BioNTech",721513.0,2901.0,37407.0,18105.0,90.0
3372,Romania,2021-01-29,647000.0,554925.0,92075.0,37295.0,"Moderna, Oxford/AstraZeneca, Pfizer/BioNTech",724250.0,2737.0,36879.0,18196.0,91.0
3373,Romania,2021-01-30,672396.0,571092.0,101304.0,36216.0,"Moderna, Oxford/AstraZeneca, Pfizer/BioNTech",726918.0,2668.0,36122.0,18264.0,68.0
3374,Romania,2021-01-31,691415.0,585219.0,106196.0,35019.0,"Moderna, Oxford/AstraZeneca, Pfizer/BioNTech",728743.0,1825.0,35814.0,18335.0,71.0
3375,Romania,2021-02-01,721184.0,598136.0,123048.0,33793.0,"Moderna, Oxford/AstraZeneca, Pfizer/BioNTech",730056.0,1313.0,35887.0,18402.0,67.0
3376,Romania,2021-02-02,748732.0,610384.0,138348.0,31479.0,"Moderna, Oxford/AstraZeneca, Pfizer/BioNTech",732732.0,2676.0,35746.0,18513.0,111.0
3377,Romania,2021-02-03,772202.0,620177.0,152025.0,28785.0,"Moderna, Oxford/AstraZeneca, Pfizer/BioNTech",735484.0,2752.0,35613.0,18600.0,87.0
3378,Romania,2021-02-04,794795.0,629280.0,165515.0,26486.0,"Moderna, Oxford/AstraZeneca, Pfizer/BioNTech",738152.0,2668.0,35382.0,18675.0,75.0
3379,Romania,2021-02-05,821552.0,638887.0,182665.0,24936.0,"Moderna, Oxford/AstraZeneca, Pfizer/BioNTech",740732.0,2580.0,35292.0,18748.0,73.0
3380,Romania,2021-02-06,840812.0,647691.0,193121.0,24059.0,"Moderna, Oxford/AstraZeneca, Pfizer/BioNTech",743343.0,2611.0,35060.0,18809.0,61.0
3381,Romania,2021-02-07,856322.0,656178.0,200144.0,23558.0,"Moderna, Oxford/AstraZeneca, Pfizer/BioNTech",745318.0,1975.0,35060.0,18881.0,72.0
3382,Romania,2021-02-08,891348.0,661063.0,230285.0,24309.0,"Moderna, Oxford/AstraZeneca, Pfizer/BioNTech",746637.0,1319.0,34995.0,18961.0,80.0
3383,Romania,2021-02-09,930155.0,666943.0,263212.0,25918.0,"Moderna, Oxford/AstraZeneca, Pfizer/BioNTech",749434.0,2797.0,34980.0,19056.0,95.0
3384,Romania,2021-02-10,970967.0,671449.0,299518.0,28395.0,"Moderna, Oxford/AstraZeneca, Pfizer/BioNTech",752482.0,3048.0,34813.0,19135.0,79.0
3385,Romania,2021-02-11,1009421.0,675234.0,334187.0,30661.0,"Moderna, Oxford/AstraZeneca, Pfizer/BioNTech",755126.0,2644.0,34643.0,19200.0,65.0
3386,Romania,2021-02-12,1048797.0,679333.0,369464.0,32464.0,"Moderna, Oxford/AstraZeneca, Pfizer/BioNTech",757676.0,2550.0,34433.0,19277.0,77.0
3387,Romania,2021-02-13,1084096.0,683347.0,400749.0,34755.0,"Moderna, Oxford/AstraZeneca, Pfizer/BioNTech",760091.0,2415.0,34372.0,19325.0,48.0
3388,Romania,2021-02-14,1113975.0,686635.0,427340.0,36808.0,"Moderna, Oxford/AstraZeneca, Pfizer/BioNTech",761963.0,1872.0,34446.0,19366.0,41.0
3389,Romania,2021-02-15,1151112.0,696944.0,454168.0,37109.0,"Moderna, Oxford/AstraZeneca, Pfizer/BioNTech",763294.0,1331.0,34329.0,19445.0,79.0
3390,Romania,2021-02-16,1197089.0,715749.0,481340.0,38133.0,"Moderna, Oxford/AstraZeneca, Pfizer/BioNTech",765970.0,2676.0,34467.0,19526.0,81.0
3391,Romania,2021-02-17,1240408.0,734929.0,505479.0,38492.0,"Moderna, Oxford/AstraZeneca, Pfizer/BioNTech",768785.0,2815.0,34488.0,19588.0,62.0
3392,Romania,2021-02-18,1280228.0,753753.0,526475.0,38687.0,"Moderna, Oxford/AstraZeneca, Pfizer/BioNTech",771843.0,3058.0,35005.0,19659.0,71.0
3393,Romania,2021-02-19,1318355.0,771240.0,547115.0,38508.0,"Moderna, Oxford/AstraZeneca, Pfizer/BioNTech",774555.0,2712.0,35124.0,19738.0,79.0
3394,Romania,2021-02-20,1351279.0,788508.0,562771.0,38169.0,"Moderna, Oxford/AstraZeneca, Pfizer/BioNTech",777276.0,2721.0,34997.0,19795.0,57.0
3395,Romania,2021-02-21,1379223.0,803098.0,576125.0,37893.0,"Moderna, Oxford/AstraZeneca, Pfizer/BioNTech",779695.0,2419.0,35515.0,19847.0,52.0
3396,Romania,2021-02-22,1409087.0,819447.0,589640.0,36854.0,"Moderna, Oxford/AstraZeneca, Pfizer/BioNTech",781329.0,1634.0,35909.0,19894.0,47.0
3397,Romania,2021-02-23,1438432.0,836860.0,601572.0,34478.0,"Moderna, Oxford/AstraZeneca, Pfizer/BioNTech",784711.0,3382.0,36446.0,20013.0,119.0
3398,Romania,2021-02-24,1466649.0,855097.0,611552.0,32320.0,"Moderna, Oxford/AstraZeneca, Pfizer/BioNTech",788048.0,3337.0,36913.0,20086.0,73.0
3399,Romania,2021-02-25,1486907.0,872361.0,614546.0,29526.0,"Moderna, Oxford/AstraZeneca, Pfizer/BioNTech",791971.0,3923.0,38188.0,20167.0,81.0
3400,Romania,2021-02-26,1506032.0,890068.0,615964.0,26811.0,"Moderna, Oxford/AstraZeneca, Pfizer/BioNTech",795732.0,3761.0,39479.0,20233.0,66.0
3401,Romania,2021-02-27,1521736.0,905142.0,616594.0,24351.0,"Moderna, Oxford/AstraZeneca, Pfizer/BioNTech",799164.0,3432.0,40308.0,20287.0,54.0
3402,Romania,2021-02-28,1532872.0,915761.0,617111.0,21950.0,"Moderna, Oxford/AstraZeneca, Pfizer/BioNTech",801994.0,2830.0,41292.0,20350.0,63.0
3403,Romania,2021-03-01,1565021.0,946781.0,618240.0,22276.0,"Moderna, Oxford/AstraZeneca, Pfizer/BioNTech",804090.0,2096.0,42216.0,20403.0,53.0
3404,Romania,2021-03-02,1603179.0,983997.0,619182.0,23535.0,"Moderna, Oxford/AstraZeneca, Pfizer/BioNTech",808040.0,3950.0,43491.0,20509.0,106.0
3405,Romania,2021-03-03,1641874.0,1022066.0,619808.0,25032.0,"Moderna, Oxford/AstraZeneca, Pfizer/BioNTech",812318.0,4278.0,44953.0,20586.0,77.0
3406,Romania,2021-03-04,1685611.0,1058452.0,627159.0,28386.0,"Moderna, Oxford/AstraZeneca, Pfizer/BioNTech",816589.0,4271.0,46232.0,20684.0,98.0
4179,United Kingdom,2021-01-03,1402432.0,1380430.0,22002.0,56766.0,"Oxford/AstraZeneca, Pfizer/BioNTech",2654779.0,54990.0,1299325.0,75124.0,455.0
4186,United Kingdom,2021-01-10,2677971.0,2286572.0,391399.0,182220.0,"Oxford/AstraZeneca, Pfizer/BioNTech",3072349.0,54940.0,1583840.0,81542.0,564.0
4187,United Kingdom,2021-01-11,2843815.0,2431648.0,412167.0,179880.0,"Oxford/AstraZeneca, Pfizer/BioNTech",3118518.0,46169.0,1629479.0,82072.0,530.0
4188,United Kingdom,2021-01-12,3067541.0,2639309.0,428232.0,185810.0,"Oxford/AstraZeneca, Pfizer/BioNTech",3164051.0,45533.0,1673767.0,83317.0,1245.0
4189,United Kingdom,2021-01-13,3356229.0,2918252.0,437977.0,201020.0,"Oxford/AstraZeneca, Pfizer/BioNTech",3211576.0,47525.0,1719726.0,84883.0,1566.0
4190,United Kingdom,2021-01-14,3678180.0,3234946.0,443234.0,220981.0,"Oxford/AstraZeneca, Pfizer/BioNTech",3260258.0,48682.0,1767158.0,86133.0,1250.0
4191,United Kingdom,2021-01-15,4023705.0,3576263.0,447442.0,244311.0,"Oxford/AstraZeneca, Pfizer/BioNTech",3316015.0,55757.0,1724946.0,87415.0,1282.0
4192,United Kingdom,2021-01-16,4322456.0,3872394.0,450062.0,260958.0,"Oxford/AstraZeneca, Pfizer/BioNTech",3357361.0,41346.0,1749543.0,88712.0,1297.0
4193,United Kingdom,2021-01-17,4514802.0,4062501.0,452301.0,262404.0,"Oxford/AstraZeneca, Pfizer/BioNTech",3395959.0,38598.0,1771839.0,89384.0,672.0
4194,United Kingdom,2021-01-18,4723443.0,4266577.0,456866.0,268518.0,"Oxford/AstraZeneca, Pfizer/BioNTech",3433494.0,37535.0,1796935.0,89984.0,600.0
4195,United Kingdom,2021-01-19,5070365.0,4609740.0,460625.0,286118.0,"Oxford/AstraZeneca, Pfizer/BioNTech",3466849.0,33355.0,1816750.0,91596.0,1612.0
4196,United Kingdom,2021-01-20,5437284.0,4973248.0,464036.0,297294.0,"Oxford/AstraZeneca, Pfizer/BioNTech",3505754.0,38905.0,1840816.0,93419.0,1823.0
4197,United Kingdom,2021-01-21,5849899.0,5383103.0,466796.0,310246.0,"Oxford/AstraZeneca, Pfizer/BioNTech",3543646.0,37892.0,1862228.0,94711.0,1292.0
4198,United Kingdom,2021-01-22,6329968.0,5861351.0,468617.0,329466.0,"Oxford/AstraZeneca, Pfizer/BioNTech",3583907.0,40261.0,1887171.0,96114.0,1403.0
4199,United Kingdom,2021-01-23,6822981.0,6353321.0,469660.0,357218.0,"Oxford/AstraZeneca, Pfizer/BioNTech",3617459.0,33552.0,1903688.0,97464.0,1350.0
4200,United Kingdom,2021-01-24,7044048.0,6573570.0,470478.0,361321.0,"Oxford/AstraZeneca, Pfizer/BioNTech",3647463.0,30004.0,1917988.0,98075.0,611.0
4201,United Kingdom,2021-01-25,7325773.0,6853327.0,472446.0,371761.0,"Oxford/AstraZeneca, Pfizer/BioNTech",3669657.0,22194.0,1922771.0,98668.0,593.0
4202,United Kingdom,2021-01-26,7638543.0,7164387.0,474156.0,366883.0,"Oxford/AstraZeneca, Pfizer/BioNTech",3689746.0,20089.0,1926961.0,100301.0,1633.0
4203,United Kingdom,2021-01-27,7953250.0,7476765.0,476485.0,359424.0,"Oxford/AstraZeneca, Pfizer/BioNTech",3715054.0,25308.0,1939089.0,102029.0,1728.0
4204,United Kingdom,2021-01-28,8369438.0,7891184.0,478254.0,359934.0,"Oxford/AstraZeneca, Pfizer/BioNTech",3743734.0,28680.0,1966528.0,103270.0,1241.0
4205,United Kingdom,2021-01-29,8859372.0,8378940.0,480432.0,361343.0,"Oxford/AstraZeneca, Pfizer/BioNTech",3772813.0,29079.0,1994360.0,104517.0,1247.0
4206,United Kingdom,2021-01-30,9468382.0,8977329.0,491053.0,377914.0,"Oxford/AstraZeneca, Pfizer/BioNTech",3796088.0,23275.0,2016433.0,105719.0,1202.0
4207,United Kingdom,2021-01-31,9790576.0,9296367.0,494209.0,392361.0,"Oxford/AstraZeneca, Pfizer/BioNTech",3817176.0,21088.0,2036933.0,106307.0,588.0
4208,United Kingdom,2021-02-01,10143511.0,9646715.0,496796.0,402534.0,"Oxford/AstraZeneca, Pfizer/BioNTech",3835783.0,18607.0,1961097.0,106714.0,407.0
4209,United Kingdom,2021-02-02,10520433.0,10021471.0,498962.0,411699.0,"Oxford/AstraZeneca, Pfizer/BioNTech",3852623.0,16840.0,1956752.0,108165.0,1451.0
4210,United Kingdom,2021-02-03,10992444.0,10490487.0,501957.0,434171.0,"Oxford/AstraZeneca, Pfizer/BioNTech",3871825.0,19202.0,1957423.0,109489.0,1324.0
4211,United Kingdom,2021-02-04,11477040.0,10971047.0,505993.0,443943.0,"Oxford/AstraZeneca, Pfizer/BioNTech",3892459.0,20634.0,1953544.0,110405.0,916.0
4212,United Kingdom,2021-02-05,11975267.0,11465210.0,510057.0,445128.0,"Oxford/AstraZeneca, Pfizer/BioNTech",3911573.0,19114.0,1937508.0,111420.0,1015.0
4213,United Kingdom,2021-02-06,12526737.0,12015018.0,511719.0,436908.0,"Oxford/AstraZeneca, Pfizer/BioNTech",3929835.0,18262.0,1927714.0,112249.0,829.0
4214,United Kingdom,2021-02-07,12806587.0,12294006.0,512581.0,430859.0,"Oxford/AstraZeneca, Pfizer/BioNTech",3945680.0,15845.0,1917428.0,112623.0,374.0
4215,United Kingdom,2021-02-08,13162878.0,12646486.0,516392.0,431338.0,"Oxford/AstraZeneca, Pfizer/BioNTech",3959784.0,14104.0,1895942.0,112956.0,333.0
4216,United Kingdom,2021-02-09,13577851.0,13058298.0,519553.0,436774.0,"Oxford/AstraZeneca, Pfizer/BioNTech",3972148.0,12364.0,1874488.0,114010.0,1054.0
4217,United Kingdom,2021-02-10,14033555.0,13509108.0,524447.0,434444.0,"Oxford/AstraZeneca, Pfizer/BioNTech",3985161.0,13013.0,1851305.0,115012.0,1002.0
4218,United Kingdom,2021-02-11,14542318.0,14012224.0,530094.0,437897.0,"Oxford/AstraZeneca, Pfizer/BioNTech",3998655.0,13494.0,1826703.0,115691.0,679.0
4219,United Kingdom,2021-02-12,15091696.0,14556827.0,534869.0,445204.0,"Oxford/AstraZeneca, Pfizer/BioNTech",4013798.0,15143.0,1803341.0,116450.0,759.0
4220,United Kingdom,2021-02-13,15599904.0,15062189.0,537715.0,439024.0,"Oxford/AstraZeneca, Pfizer/BioNTech",4027106.0,13308.0,1784703.0,117072.0,622.0
4221,United Kingdom,2021-02-14,15839781.0,15300151.0,539630.0,433313.0,"Oxford/AstraZeneca, Pfizer/BioNTech",4038078.0,10972.0,1760233.0,117330.0,258.0
4222,United Kingdom,2021-02-15,16122272.0,15576107.0,546165.0,422771.0,"Oxford/AstraZeneca, Pfizer/BioNTech",4047843.0,9765.0,1739877.0,117560.0,230.0
4223,United Kingdom,2021-02-16,16499549.0,15940972.0,558577.0,417385.0,"Oxford/AstraZeneca, Pfizer/BioNTech",4058467.0,10624.0,1708908.0,118360.0,800.0
4224,United Kingdom,2021-02-17,16996806.0,16423082.0,573724.0,423322.0,"Oxford/AstraZeneca, Pfizer/BioNTech",4071185.0,12718.0,1669383.0,119099.0,739.0
4225,United Kingdom,2021-02-18,17465127.0,16875536.0,589591.0,417544.0,"Oxford/AstraZeneca, Pfizer/BioNTech",4083242.0,12057.0,1632687.0,119554.0,455.0
4226,United Kingdom,2021-02-19,17852327.0,17247442.0,604885.0,394376.0,"Oxford/AstraZeneca, Pfizer/BioNTech",4095269.0,12027.0,1589527.0,120088.0,534.0
4227,United Kingdom,2021-02-20,18197269.0,17582121.0,615148.0,371052.0,"Oxford/AstraZeneca, Pfizer/BioNTech",4105675.0,10406.0,1547448.0,120534.0,446.0
4228,United Kingdom,2021-02-21,18348165.0,17723840.0,624325.0,358341.0,"Oxford/AstraZeneca, Pfizer/BioNTech",4115509.0,9834.0,1500543.0,120748.0,214.0
4229,United Kingdom,2021-02-22,18558969.0,17916181.0,642788.0,348100.0,"Oxford/AstraZeneca, Pfizer/BioNTech",4126150.0,10641.0,1456603.0,120926.0,178.0
4230,United Kingdom,2021-02-23,18911978.0,18242873.0,669105.0,344633.0,"Oxford/AstraZeneca, Pfizer/BioNTech",4134639.0,8489.0,1406165.0,121475.0,549.0
4231,United Kingdom,2021-02-24,19392553.0,18691835.0,700718.0,342250.0,"Oxford/AstraZeneca, Pfizer/BioNTech",4144577.0,9938.0,1356193.0,121918.0,443.0
4232,United Kingdom,2021-02-25,19913592.0,19177555.0,736037.0,349781.0,"Oxford/AstraZeneca, Pfizer/BioNTech",4154562.0,9985.0,1304855.0,122241.0,323.0
4233,United Kingdom,2021-02-26,20450858.0,19682048.0,768810.0,371219.0,"Oxford/AstraZeneca, Pfizer/BioNTech",4163085.0,8523.0,1261329.0,122587.0,346.0
4234,United Kingdom,2021-02-27,20885683.0,20089551.0,796132.0,384059.0,"Oxford/AstraZeneca, Pfizer/BioNTech",4170519.0,7434.0,1201434.0,122877.0,290.0
4235,United Kingdom,2021-02-28,21091267.0,20275451.0,815816.0,391872.0,"Oxford/AstraZeneca, Pfizer/BioNTech",4176554.0,6035.0,1148216.0,123021.0,144.0
4236,United Kingdom,2021-03-01,21322717.0,20478619.0,844098.0,394821.0,"Oxford/AstraZeneca, Pfizer/BioNTech",4182009.0,5455.0,1099000.0,123125.0,104.0
4237,United Kingdom,2021-03-02,21599027.0,20703615.0,895412.0,383864.0,"Oxford/AstraZeneca, Pfizer/BioNTech",4188400.0,6391.0,1059212.0,123468.0,343.0
4238,United Kingdom,2021-03-03,21946433.0,20982571.0,963862.0,364840.0,"Oxford/AstraZeneca, Pfizer/BioNTech",4194785.0,6385.0,1065282.0,123783.0,315.0
4239,United Kingdom,2021-03-04,22392883.0,21358815.0,1034068.0,354184.0,"Oxford/AstraZeneca, Pfizer/BioNTech",4201357.0,6572.0,980768.0,124025.0,242.0
4252,United States,2021-01-14,11148991.0,9690757.0,1342086.0,747082.0,"Moderna, Pfizer/BioNTech",23892793.0,235643.0,9376483.0,404248.0,4161.0
4253,United States,2021-01-15,12279180.0,10595866.0,1610524.0,798707.0,"Moderna, Pfizer/BioNTech",24142416.0,249623.0,9505059.0,408069.0,3821.0
4257,United States,2021-01-19,15707588.0,13595803.0,2023124.0,911493.0,"Moderna, Pfizer/BioNTech",24853647.0,175986.0,9649002.0,417842.0,2845.0
4258,United States,2021-01-20,16525281.0,14270441.0,2161419.0,892403.0,"Moderna, Pfizer/BioNTech",25044866.0,191219.0,9649135.0,422255.0,4413.0
4259,United States,2021-01-21,17546374.0,15053257.0,2394961.0,913912.0,"Moderna, Pfizer/BioNTech",25240237.0,195371.0,9711743.0,426650.0,4395.0
4260,United States,2021-01-22,19107959.0,16243093.0,2756953.0,975540.0,"Moderna, Pfizer/BioNTech",25436502.0,196265.0,9782562.0,430586.0,3936.0
4261,United States,2021-01-23,20537990.0,17390345.0,3027865.0,1057387.0,"Moderna, Pfizer/BioNTech",25611102.0,174600.0,9846035.0,434042.0,3456.0
4262,United States,2021-01-24,21848655.0,18502131.0,3216836.0,1122182.0,"Moderna, Pfizer/BioNTech",25754472.0,143370.0,9908765.0,435915.0,1873.0
4263,United States,2021-01-25,22734243.0,19252279.0,3346390.0,1126251.0,"Moderna, Pfizer/BioNTech",25907190.0,152718.0,9852038.0,437849.0,1934.0
4264,United States,2021-01-26,23540994.0,19902237.0,3481921.0,1119058.0,"Moderna, Pfizer/BioNTech",26060455.0,153265.0,9850312.0,442068.0,4219.0
4265,United States,2021-01-27,24652634.0,20687970.0,3801053.0,1161050.0,"Moderna, Pfizer/BioNTech",26221887.0,161432.0,9832535.0,446343.0,4275.0
4266,United States,2021-01-28,26193682.0,21698606.0,4263056.0,1235330.0,"Moderna, Pfizer/BioNTech",26387941.0,166054.0,9866522.0,450306.0,3963.0
4267,United States,2021-01-29,27884661.0,22858318.0,4780888.0,1253815.0,"Moderna, Pfizer/BioNTech",26560385.0,172444.0,9905402.0,454013.0,3707.0
4268,United States,2021-01-30,29577902.0,24064165.0,5259693.0,1291416.0,"Moderna, Pfizer/BioNTech",26706749.0,146364.0,9920144.0,456939.0,2926.0
4269,United States,2021-01-31,31123299.0,25201143.0,5657142.0,1324949.0,"Moderna, Pfizer/BioNTech",26818352.0,111603.0,9953473.0,458861.0,1922.0
4270,United States,2021-02-01,32222402.0,26023153.0,5927847.0,1355451.0,"Moderna, Pfizer/BioNTech",26946704.0,128352.0,9855941.0,460791.0,1930.0
4271,United States,2021-02-02,32780860.0,26440836.0,6064792.0,1319981.0,"Moderna, Pfizer/BioNTech",27062972.0,116268.0,9846452.0,464515.0,3724.0
4272,United States,2021-02-03,33878254.0,27154956.0,6436931.0,1317946.0,"Moderna, Pfizer/BioNTech",27178094.0,115122.0,9801848.0,468557.0,4042.0
4273,United States,2021-02-04,35203710.0,27905197.0,6926050.0,1287147.0,"Moderna, Pfizer/BioNTech",27305235.0,127141.0,9799497.0,472227.0,3670.0
4274,United States,2021-02-05,36819212.0,28909497.0,7503864.0,1276364.0,"Moderna, Pfizer/BioNTech",27439853.0,134618.0,9816324.0,475895.0,3668.0
4275,United States,2021-02-06,39037964.0,30250964.0,8317180.0,1351437.0,"Moderna, Pfizer/BioNTech",27549039.0,109186.0,9789551.0,478694.0,2799.0
4276,United States,2021-02-07,41210937.0,31579100.0,9147185.0,1441091.0,"Moderna, Pfizer/BioNTech",27640633.0,91594.0,9805563.0,480013.0,1319.0
4277,United States,2021-02-08,42417617.0,32340146.0,9518015.0,1456459.0,"Moderna, Pfizer/BioNTech",27735681.0,95048.0,9741358.0,481595.0,1582.0
4278,United States,2021-02-09,43206190.0,32867213.0,9840429.0,1489333.0,"Moderna, Pfizer/BioNTech",27835287.0,99606.0,9711174.0,484858.0,3263.0
4279,United States,2021-02-10,44769970.0,33783384.0,10469514.0,1555959.0,"Moderna, Pfizer/BioNTech",27934936.0,99649.0,9619416.0,488289.0,3431.0
4280,United States,2021-02-11,46390270.0,34723964.0,11188782.0,1598080.0,"Moderna, Pfizer/BioNTech",28044324.0,109388.0,9621499.0,491541.0,3252.0
4281,United States,2021-02-12,48410558.0,35834855.0,12085830.0,1655907.0,"Moderna, Pfizer/BioNTech",28150307.0,105983.0,9602962.0,494587.0,3046.0
4282,United States,2021-02-13,50641884.0,37056122.0,13082172.0,1657703.0,"Moderna, Pfizer/BioNTech",28238105.0,87798.0,9584870.0,496896.0,2309.0
4283,United States,2021-02-14,52884356.0,38292270.0,14077440.0,1667631.0,"Moderna, Pfizer/BioNTech",28304927.0,66822.0,9579555.0,498014.0,1118.0
4285,United States,2021-02-16,55220364.0,39670551.0,15015434.0,1716311.0,"Moderna, Pfizer/BioNTech",28428529.0,66364.0,9447866.0,500763.0,1810.0
4286,United States,2021-02-17,56281827.0,40268009.0,15471536.0,1644551.0,"Moderna, Pfizer/BioNTech",28502518.0,73989.0,9402804.0,503298.0,2535.0
4287,United States,2021-02-18,57737767.0,41021049.0,16162358.0,1621071.0,"Moderna, Pfizer/BioNTech",28575048.0,72530.0,9365676.0,506054.0,2756.0
4288,United States,2021-02-19,59585043.0,41977401.0,17039118.0,1596355.0,"Moderna, Pfizer/BioNTech",28659632.0,84584.0,9347321.0,508698.0,2644.0
4289,United States,2021-02-20,61289500.0,42809595.0,17895667.0,1521088.0,"Moderna, Pfizer/BioNTech",28731390.0,71758.0,9313034.0,510621.0,1923.0
4290,United States,2021-02-21,63090634.0,43628092.0,18865319.0,1458040.0,"Moderna, Pfizer/BioNTech",28790369.0,58979.0,9305374.0,511860.0,1239.0
4291,United States,2021-02-22,64177474.0,44138118.0,19438495.0,1446445.0,"Moderna, Pfizer/BioNTech",28849520.0,59151.0,9222127.0,513237.0,1377.0
4292,United States,2021-02-23,65032083.0,44544969.0,19882544.0,1401674.0,"Moderna, Pfizer/BioNTech",28923321.0,73801.0,9181524.0,515672.0,2435.0
4293,United States,2021-02-24,66464947.0,45237143.0,20607261.0,1454731.0,"Moderna, Pfizer/BioNTech",28999123.0,75802.0,9140368.0,518197.0,2525.0
4294,United States,2021-02-25,68274117.0,46074392.0,21555117.0,1505193.0,"Moderna, Pfizer/BioNTech",29077316.0,78193.0,9115630.0,520656.0,2459.0
4295,United States,2021-02-26,70454064.0,47184199.0,22613359.0,1552717.0,"Moderna, Pfizer/BioNTech",29158598.0,81282.0,9098072.0,522927.0,2271.0
4296,United States,2021-02-27,72806180.0,48435536.0,23698627.0,1645240.0,"Moderna, Pfizer/BioNTech",29224181.0,65583.0,9066477.0,524481.0,1554.0
4297,United States,2021-02-28,75236003.0,49772180.0,24779920.0,1735053.0,"Moderna, Pfizer/BioNTech",29277816.0,53635.0,9057157.0,525766.0,1285.0
4298,United States,2021-03-01,76899987.0,50732997.0,25466405.0,1817502.0,"Moderna, Pfizer/BioNTech",29332997.0,55181.0,8999111.0,527250.0,1484.0
4299,United States,2021-03-02,78631601.0,51755447.0,26162122.0,1942788.0,"Moderna, Pfizer/BioNTech",29390540.0,57543.0,8959657.0,529341.0,2091.0
4300,United States,2021-03-03,80540474.0,52855579.0,26957804.0,2010790.0,"Moderna, Pfizer/BioNTech",29457765.0,67225.0,8922653.0,531719.0,2378.0
4301,United States,2021-03-04,82572848.0,54035670.0,27795980.0,2042676.0,"Moderna, Pfizer/BioNTech",29526423.0,68658.0,8898751.0,533768.0,2049.0
4302,United States,2021-03-05,85008094.0,55547697.0,28701201.0,2079147.0,"Moderna, Pfizer/BioNTech",29595663.0,69240.0,8876415.0,535604.0,1836.0
